sha256	size_bytes	path	note
afd541131dce5f58014d087dc6c148db7c70dfe7dbdab891a61264f3078dc1a9	6633	TTRL/important_experiment_logs/q3b2_basemodel_math500_val_n1.log	raw stdout/stderr log omitted from slim git archive
8d7b7739628a666eebdd64b305fe2f790afdb0cb7e7020714caafe9c81bdc475	187306	TTRL/important_experiment_logs/q3b2_smoke_t10.log	raw stdout/stderr log omitted from slim git archive
cd0e95dceca6c0b645a6b3080b66d760ad41487e4a41c91365f6108c2eec68d3	173113	TTRL/important_experiment_logs/q3b2_smoke_t11.log	raw stdout/stderr log omitted from slim git archive
3db8f973fb6b5eb1e3a9b7633331c92f15e4d1268bd08fd9e56acec259554457	137655	TTRL/important_experiment_logs/q3b2_smoke_t3.log	raw stdout/stderr log omitted from slim git archive
50c476a903971b502a97704a7b6a2e45a8d272acbceb4b24a81ca1ee93b587fc	94764	TTRL/important_experiment_logs/q3b2_smoke_t4.log	raw stdout/stderr log omitted from slim git archive
e14090de135b1a4910654ad07cf18c6acab8052872314b07be592e10ccfb2a65	120001	TTRL/important_experiment_logs/q3b2_smoke_t5.log	raw stdout/stderr log omitted from slim git archive
9ad7c8cec97308a730d770cfe37d553820a05fba77494f11f89981f90e7c51a2	182689	TTRL/important_experiment_logs/q3b2_smoke_t6.log	raw stdout/stderr log omitted from slim git archive
b146fea9a8010b96ba04a68bbeab235b9deb23478be165c3e8979909870a7802	179985	TTRL/important_experiment_logs/q3b2_smoke_t7.log	raw stdout/stderr log omitted from slim git archive
15f8a2c4ec74650e8baf8f58f7211c94b730ad00773db2f4f4bdef54ace9be79	188643	TTRL/important_experiment_logs/q3b2_smoke_t8.log	raw stdout/stderr log omitted from slim git archive
500b39e73422e5b9cdc8ffcc787d3022ddd0bf24ec27a2224ef179a1b5c80905	187513	TTRL/important_experiment_logs/q3b2_smoke_t9.log	raw stdout/stderr log omitted from slim git archive
e4f2e8d778c7a322cbe3926d013f3fa3bb06dffb93874a3ef5d20dd87c22751f	188894	TTRL/important_experiment_logs/q3v1.log	raw stdout/stderr log omitted from slim git archive
c79dafae18fa72ab04bff6edd717c0b5c7a684f78b993bb3864cfcf9a3aacd2d	166416	TTRL/important_experiment_logs/q3v1p1024.log	raw stdout/stderr log omitted from slim git archive
a18cd45fd33eba513261cc9961bf5dd71703f843ac83469278669800ee779b32	692	TTRL/important_experiment_logs/qwen3_30b_a3b_b200_2gpu_ttrl_smoke_test1.log	raw stdout/stderr log omitted from slim git archive
9ad9d602dd6444b522a70af1b3eb8fa146d8bf5d59bba2f1433ddb155c26c4a9	6105	TTRL/important_experiment_logs/qwen3_30b_a3b_b200_2gpu_ttrl_smoke_test2.log	raw stdout/stderr log omitted from slim git archive
abb6942d2dce35561d8889d0ea17e4672cee2211c9641fd06c2dac3cd6a39052	484	TTRL/important_experiment_logs/qwen3_30b_a3b_base_gpqa_n16_eval.log	raw stdout/stderr log omitted from slim git archive
9ed73e82489b7d0f525fbbab3f158ffde0a4d24188ecc4456fafa77a44a94911	96156	TTRL/important_experiment_logs/qwen3_30b_a3b_base_gpqa_n16_mlen4096_eval.log	raw stdout/stderr log omitted from slim git archive
88cff28a37dbe1ce23cddf6b711ef108527144a8c55c8824184e98542651a4c2	160622	TTRL/important_experiment_logs/qwen3_30b_a3b_base_math500_n16_full_eval.log	raw stdout/stderr log omitted from slim git archive
4c719f5d7d0c0a4d21c053a021691f7b2aae8dbbbde1ac7055d6dbc2b86dfb0b	50492	TTRL/important_experiment_logs/qwen3_30b_a3b_expertsample_debug_smoke.log	raw stdout/stderr log omitted from slim git archive
1f1be2e577a162b772f6b93d830449d075b65b18d75ed8e91152effd19622698	91376	TTRL/important_experiment_logs/qwen3_30b_a3b_expertsample_k5_pool32_tau05_math500_n16_full_eval.log	raw stdout/stderr log omitted from slim git archive
aef479f32eb2e1f593b55e0ad32b93f7c12b75ac4d6e3aa11edf67f1c52d76bc	75778	TTRL/important_experiment_logs/qwen3_30b_a3b_expertsample_k5_pool32_tau05_math500_n16_limit100_eval.log	raw stdout/stderr log omitted from slim git archive
c2105c45e2befabc83eafe6e4b4d0aa4c98bb9da12028566e320316fd4b3a757	96724	TTRL/important_experiment_logs/qwen3_30b_a3b_expertsample_k5_pool32_tau05_stochastic_gpqa_n16_mlen4096_eval.log	raw stdout/stderr log omitted from slim git archive
fcef3a14bcbc9e246d0d4e0535f2bda286e984b727e0a9ea246dcae05fdc6b81	160913	TTRL/important_experiment_logs/qwen3_30b_a3b_expertsample_k5_pool32_tau05_stochastic_math500_n16_full_eval.log	raw stdout/stderr log omitted from slim git archive
af8aacc7cd26c95482274b77b93f05d3687f522e62c7ac50830c544367dd9ae5	75964	TTRL/important_experiment_logs/qwen3_30b_a3b_expertsample_k5_pool32_tau05_stochastic_math500_n16_limit100_eval.log	raw stdout/stderr log omitted from slim git archive
fa5ea98f40cd76a3d08a02a4598d07e0cbb3e89477b2718f3af71cc6dd016e95	160849	TTRL/important_experiment_logs/qwen3_30b_a3b_expertsample_k7_pool16_tau05_math500_n16_full_eval.log	raw stdout/stderr log omitted from slim git archive
035f69754a8f11ad77835ad462f437bcb4529d0d5976c1032ad0f9d0edc9994a	75950	TTRL/important_experiment_logs/qwen3_30b_a3b_expertsample_k7_pool16_tau05_v2_math500_n16_limit100_eval.log	raw stdout/stderr log omitted from slim git archive
d5304f72d26ff4074fc47618baf3c383079f3f60d4ee80494fd0eb07eec132e9	50887	TTRL/important_experiment_logs/qwen3_30b_a3b_expertsample_stochastic_debug_smoke.log	raw stdout/stderr log omitted from slim git archive
470c3d0307f59f7f6ec1b7bc3406221f0de5d7aa992e3826ca38b41a5d472d26	4253	TTRL/important_experiment_logs/qwen3_b200_transformers_smoke_20260805.log	raw stdout/stderr log omitted from slim git archive
eb32943975b2b8040b6c6065d0f5ea198134a252562b601bc9881db670117023	139224	TTRL/important_experiment_logs/qwen3_b200_vllm_smoke_20260805.log	raw stdout/stderr log omitted from slim git archive
2e6e213b4dbc10fc4d5fc2d5f2dbda4db1f2738f1b3e741755fe9b094c939a70	8416	TTRL/important_experiment_logs/qwen3_b200_vllm_smoke_conservative_tp1_20260805.log	raw stdout/stderr log omitted from slim git archive
2d2eeb6145c62f168facf7f7b577cfc935d5869e45eae3f73873f91397f38005	10438	TTRL/important_experiment_logs/qwen3_b200_vllm_smoke_eager_20260805.log	raw stdout/stderr log omitted from slim git archive
8aa08b6a4701db27de72f15bb18ce217dcf6a554801749a5a504739f7ef42242	8150	TTRL/important_experiment_logs/qwen3_b200_vllm_smoke_inproc_tp1_attn_flashattn_eager_20260805.log	raw stdout/stderr log omitted from slim git archive
f60279cbff4f626f2f59ae7f0fe4f4de08dbdc9c2a22a91807b0e7e2d472ad6b	7758	TTRL/important_experiment_logs/qwen3_b200_vllm_smoke_inproc_tp1_eager_20260805.log	raw stdout/stderr log omitted from slim git archive
9c7d4222e5e3015d3173ccc05af7660d891ab023ee3e7f3b392b28d9e43e00b3	6952	TTRL/important_experiment_logs/qwen3_b200_vllm_smoke_inproc_tp1_fa_eager_20260805.log	raw stdout/stderr log omitted from slim git archive
ace5dc066c29c5482ef16214d254223c7fd70d60baaa6789e839701d81c36f6b	8276	TTRL/important_experiment_logs/qwen3_b200_vllm_smoke_tp1_eager_20260805.log	raw stdout/stderr log omitted from slim git archive
9d8c5c9a4b05d11567838574844ca6549dd409cad153a460abb506ce01a3ac94	18021	TTRL/important_experiment_logs/qwen3_b200_vllm_smoke_tp1_triton_moe_20260805.log	raw stdout/stderr log omitted from slim git archive
d3a0f5967fbd255db0aab1e499f9be6b4e7eabbe2d877a3d139727cf8a2f11db	8370	TTRL/important_experiment_logs/qwen3_b200_vllm_smoke_v0_tp1_eager_20260805.log	raw stdout/stderr log omitted from slim git archive
5b6b475417e3bc5541fb3a9393fe08cce902d3b3dab2789533ea28809edd9c5d	28099972	TTRL/important_experiment_logs/ttrl_chunk_state_powerflow_anchor_boxfix20_mid_c128_probe4_b32_r32_v64_20260801.log	raw stdout/stderr log omitted from slim git archive
f6f82185be4b168ba9e38ae3ee955433a720968fe16008e250acaff7135eea9b	153957	TTRL/important_experiment_logs/ttrl_chunk_state_powerflow_anchor_boxfix3_mid_c128_probe4_b32_r32_v64_20260801.log	raw stdout/stderr log omitted from slim git archive
d5c3b5d11bf0acaed4d0624319d6d7d78d486a9ede4aecb773b8b9f128235d9c	27281240	TTRL/important_experiment_logs/ttrl_chunk_state_powerflow_anchor_guard20_mid_c128_probe4_b32_r32_v64_20260801.log	raw stdout/stderr log omitted from slim git archive
014287493b1cf2c078d5afac2fb0fea1564ede22b1954976c54f226ebe4279a5	151683	TTRL/important_experiment_logs/ttrl_chunk_state_powerflow_anchor_guard3_mid_c128_probe4_b32_r32_v64_20260801.log	raw stdout/stderr log omitted from slim git archive
2be9cde4e6efffade72d960145a9f1d5069a935790371298a3531e998506fff1	25280065	TTRL/important_experiment_logs/ttrl_chunk_state_powerflow_anchor_standard20_mid_c128_probe4_b32_r32_v64_20260801.log	raw stdout/stderr log omitted from slim git archive
0cbf11ea3b041c9d47ca5028bc690546e885dcc0c1296e4951a69b7c21b5d945	166238	TTRL/important_experiment_logs/ttrl_chunk_state_powerflow_anchor_standard3_mid_c128_probe4_b32_r32_v64_20260801.log	raw stdout/stderr log omitted from slim git archive
69982230f567284ac667701057b15a25c9f2566838168bdc58a50732227872d2	136616	TTRL/important_experiment_logs/ttrl_chunk_state_powerflow_answer_consensus_mid_c128_probe4_b32_r32_v64_3step_20260801.log	raw stdout/stderr log omitted from slim git archive
fef5d1bb8a4184a35296c66d4b1a21c2f28e8571a29947e31ddb4a46bd350c29	24567635	TTRL/important_experiment_logs/ttrl_chunk_state_powerflow_answer_consensus_mid_c128_probe4_b32_r32_v64_minmaj0_20step_20260801.log	raw stdout/stderr log omitted from slim git archive
ee44519535536767fb673a0167a1c45252d25053fbf298dcd77537b05e8e361c	29492101	TTRL/important_experiment_logs/ttrl_chunk_state_powerflow_answer_distribution_mid_c128_probe4_b32_r32_v64_20step_20260801.log	raw stdout/stderr log omitted from slim git archive
dee5f16655dc39db0d9482830b3d08fbf6a8978017de6bbc7f1316c8007e9004	146407	TTRL/important_experiment_logs/ttrl_chunk_state_powerflow_answer_distribution_mid_c128_probe4_b32_r32_v64_3step_20260801.log	raw stdout/stderr log omitted from slim git archive
d2fe58eca9e2cd903e47702975eecee56de8a37a4f5bdbf409e386f2f136d591	30912454	TTRL/important_experiment_logs/ttrl_chunk_state_powerflow_answer_value_gain_mid_c128_probe4_b32_r32_v64_20step_20260801.log	raw stdout/stderr log omitted from slim git archive
6a9f33988de92bdf17850071d9cc983acc16f5ed59a0e839ac8a7f4a095a5f9d	139803	TTRL/important_experiment_logs/ttrl_chunk_state_powerflow_answer_value_gain_mid_c128_probe4_b32_r32_v64_3step_20260801.log	raw stdout/stderr log omitted from slim git archive
a1b6d8c54a679baa507d3da6ff84969e594b390e81550fc69d64fbaa653bb99e	152359	TTRL/important_experiment_logs/ttrl_chunk_state_powerflow_answer_value_margin_mid_c128_probe4_b32_r32_v64_3step_20260801.log	raw stdout/stderr log omitted from slim git archive
4603c0e116d73d688d59e9a94f97792770da3b79d06e5ac335f290c6a43ec81a	139742	TTRL/important_experiment_logs/ttrl_chunk_state_powerflow_answer_value_margin_top2_mid_c128_probe4_b32_r32_v64_3step_20260801.log	raw stdout/stderr log omitted from slim git archive
f442973063a9e0ab2ff738330bcfbbae15e9f74fbc78e70f40996df5ab155e4b	116498	TTRL/important_experiment_logs/ttrl_chunk_state_powerflow_answer_value_margin_top2_targetonly_balance1_mid_c128_probe4_b32_r32_v64_20260801.log	raw stdout/stderr log omitted from slim git archive
2052665bef3b6b343c90c4e9be7ff501d01146f37ee526bb68d63b51c81da0c5	47669	TTRL/important_experiment_logs/ttrl_chunk_state_powerflow_answer_value_margin_top2_targetonly_balance20_mid_c128_probe4_b32_r32_v64_20260801.log	raw stdout/stderr log omitted from slim git archive
9de14afa30c8191ccbef66d78baed0c8e0fda5d6d30d0be48de1392033205584	27867941	TTRL/important_experiment_logs/ttrl_chunk_state_powerflow_answer_value_margin_top2_targetonly_balance20b_mid_c128_probe4_b32_r32_v64_20260801.log	raw stdout/stderr log omitted from slim git archive
1ce65ee78559b66799aa4fce2d8ebd0f389b0c343ebbb9ec874f821a3cf68330	147578	TTRL/important_experiment_logs/ttrl_chunk_state_powerflow_answer_value_margin_top2_targetonly_balance3_mid_c128_probe4_b32_r32_v64_20260801.log	raw stdout/stderr log omitted from slim git archive
12f4e0a8c40b7ffa58288ec90863f7c162fa8d11dc13b4e5e8c075a980514544	122392	TTRL/important_experiment_logs/ttrl_chunk_state_powerflow_answer_value_margin_top2_targetonly_diag1_mid_c128_probe4_b32_r32_v64_20260801.log	raw stdout/stderr log omitted from slim git archive
aba802103d6fc7188105e18858f96a9deba7b563abef7d961c681135830b1f79	137587	TTRL/important_experiment_logs/ttrl_chunk_state_powerflow_answer_value_margin_top2_targetonly_mid_c128_probe4_b32_r32_v64_3step_20260801.log	raw stdout/stderr log omitted from slim git archive
352355dcc3ce667187430d5d0cb6d43884c7f96c854ce118374a4b4e1c83cb32	188144	TTRL/important_experiment_logs/ttrl_chunk_state_powerflow_fullsupport_prior_softkeep_mid_c128_probe1536x4_b32_r32_v64_3step_20260802.log	raw stdout/stderr log omitted from slim git archive
815c3334e1ca17757ee80415fd06c12bda4b23962ceb2d221cacd0aad301baa4	173400	TTRL/important_experiment_logs/ttrl_chunk_state_powerflow_fullsupport_prior_softkeep_prompt020_cov040_productweight_nosrcgate_mid_c128_probe1536x4_b32_r32_v64_3step_20260802.log	raw stdout/stderr log omitted from slim git archive
33f7eefef137250e08449a3c534e67d4e00350757cc0d74be6393620bb7d81c8	168678	TTRL/important_experiment_logs/ttrl_chunk_state_powerflow_fullsupport_prior_softkeep_prompt020_productweight_nosrcgate_mid_c128_probe1536x4_b32_r32_v64_3step_20260802.log	raw stdout/stderr log omitted from slim git archive
227dba897ce6fcd547d192d15407a79cc9cb9dc460b36a7ec17a4a57267c7cc7	201941	TTRL/important_experiment_logs/ttrl_chunk_state_powerflow_fullsupport_prior_softkeep_prompt020_stagedtop2x4_2048_productweight_nosrcgate_mid_c128_probe1536x4_b32_r32_v64_3step_20260802.log	raw stdout/stderr log omitted from slim git archive
39b8294f8ba306bf439d223db15851abfcd52ad142db08703c9e0f27e2a35286	176413	TTRL/important_experiment_logs/ttrl_chunk_state_powerflow_fullsupport_prior_softkeep_relaxedsrc025_mid_c128_probe1536x4_b32_r32_v64_3step_20260802.log	raw stdout/stderr log omitted from slim git archive
a8a8e4564551f516f78c0c7a13be35cca8752809854827db718d935040783dc9	150686	TTRL/important_experiment_logs/ttrl_chunk_state_powerflow_fullsupport_prior_softkeep_sourcepromptweight_nogates_mid_c128_probe1536x4_b32_r32_v64_3step_20260802.log	raw stdout/stderr log omitted from slim git archive
876f43984931bf19ec0398a7a247fb6d8c0232a1cc7ebf35083be8c577905e6c	85522	TTRL/important_experiment_logs/ttrl_chunk_state_powerflow_fullsupport_prior_softkeep_sourceweight_nosrcgate_mid_c128_probe1536x4_b32_r32_v64_3step_20260802.log	raw stdout/stderr log omitted from slim git archive
f9d3680e54b89e8eb51235bb7ea33b8fafd6c675246d5a1370aa677ac476a1ae	176323	TTRL/important_experiment_logs/ttrl_chunk_state_powerflow_fullsupport_prior_softprefix_highsupport_midlate_c128_probe1536x4_b32_r32_v64_3step_20260802.log	raw stdout/stderr log omitted from slim git archive
6db5f0b9beac7c519b70077248aaf1af6b1417840f43701b12cf8207ea692f18	63586	TTRL/important_experiment_logs/ttrl_chunk_state_powerflow_fullsupport_prior_softprefix_prompt020_productweight_nosrcgate_mid_c128_probe1536x4_b32_r32_v64_3step_20260802.log	raw stdout/stderr log omitted from slim git archive
748ad38c012ef4251ab4a4a0c76b68cda389b64cf26aef5a54a163a6fd5be78b	164056	TTRL/important_experiment_logs/ttrl_chunk_state_powerflow_future_support_gain_candfilter_src3_mid_c128_probe4_b32_r32_v64_20260801.log	raw stdout/stderr log omitted from slim git archive
3acf352ff59f9d0f48feac7cdfc7011a0271a89ad426ee6bca568ed90078e2e5	167327	TTRL/important_experiment_logs/ttrl_chunk_state_powerflow_future_support_gain_n64_hardfilter_clip4_mid_c128_probe4_2step_20260801.log	raw stdout/stderr log omitted from slim git archive
98dc73840ebedceb256fe7aef9ce1933ac29143b22b6c15d8dadda3de5efe00b	158926	TTRL/important_experiment_logs/ttrl_chunk_state_powerflow_future_support_gain_sourcegate_src3_mid_c128_probe4_b32_r32_v64_20260801.log	raw stdout/stderr log omitted from slim git archive
26ba09138d57221be52648403d0d87da1c102bc3096b7362a443c50cb9aa2844	160105	TTRL/important_experiment_logs/ttrl_chunk_state_powerflow_future_support_gain_src3_mid_c128_probe4_b32_r32_v64_20260801.log	raw stdout/stderr log omitted from slim git archive
791ac32796736d3beb6e248bc5cc054d2c33667aab7f54090981b483c11316da	160500	TTRL/important_experiment_logs/ttrl_chunk_state_powerflow_future_support_gain_stategate_src3_mid_c128_probe4_b32_r32_v64_20260801.log	raw stdout/stderr log omitted from slim git archive
041127f0c448fac2d37ed51d7a7e30b5c8d927d749929d457b39200921021b7f	149899	TTRL/important_experiment_logs/ttrl_chunk_state_powerflow_future_support_gain_strict_src3_mid_c128_probe4_b32_r32_v64_20260801.log	raw stdout/stderr log omitted from slim git archive
8ae4d34c3afb2edc2548a431c148a4007c30277d022513b6150fe4275c8d1634	132806	TTRL/important_experiment_logs/ttrl_chunk_state_powerflow_future_support_highmass_late_transport_support_gain_c128_probe4_b32_r32_v64_1step_20260801.log	raw stdout/stderr log omitted from slim git archive
edcd2e64d9846a4047b95dfba6b3961e827e773acda165f7171a19ee2f326d9e	136944	TTRL/important_experiment_logs/ttrl_chunk_state_powerflow_future_support_highsupport_mid_transport_affinity_c128_probe4_b32_r32_v64_1step_20260801.log	raw stdout/stderr log omitted from slim git archive
1ec07d862e05368e410536752eaa65103af93219bc57e60cf5387fb874459c5a	139900	TTRL/important_experiment_logs/ttrl_chunk_state_powerflow_future_support_highsupport_mid_transport_affinity_c16_softgate_c128_probe4_b32_r32_v64_1step_20260801.log	raw stdout/stderr log omitted from slim git archive
0f1d28aad948801ee509b9bb1650fea582fdb5256714271ba15e2f53a81c06bf	126710	TTRL/important_experiment_logs/ttrl_chunk_state_powerflow_future_support_smoothed_transport_support_gain_masssrc_stategate_c128_probe8_b32_r32_v64_1step_20260801.log	raw stdout/stderr log omitted from slim git archive
c527b6cc522d36cdefc85fcb80375e14b4c5d1dd013431deb27c6b5be72fe3f9	130151	TTRL/important_experiment_logs/ttrl_chunk_state_powerflow_future_support_staged_transport_affinity_extraoverride_masssrc_stategate_c128_probe4xextra4_top2_b32_r32_v64_1step_20260801.log	raw stdout/stderr log omitted from slim git archive
9ca1ccfbe3b75f28b569ef341b743404b61dbb5ae0bf853ee6d66776bbe775cc	137033	TTRL/important_experiment_logs/ttrl_chunk_state_powerflow_future_support_staged_transport_affinity_masssrc_stategate_c128_probe4xextra4_top2_b32_r32_v64_1step_20260801.log	raw stdout/stderr log omitted from slim git archive
2f942a1c8401a6712d2e036488ecc47fa03c7f38d990198a7e7998ae0ca05ac1	130438	TTRL/important_experiment_logs/ttrl_chunk_state_powerflow_future_support_staged_transport_affinity_masssrc_stategate_c128_probe4xextra4_top2_fixedmerge_b32_r32_v64_1step_20260801.log	raw stdout/stderr log omitted from slim git archive
79876d313169df6ee96572823cd0f6e03261018542d618ea02443cf0975934c4	128295	TTRL/important_experiment_logs/ttrl_chunk_state_powerflow_future_support_transport_affinity_compatprop_c128_probe4_b32_r32_v64_1step_20260801.log	raw stdout/stderr log omitted from slim git archive
f6d11e328918f1d5758816a4a6035b7430cd9fe6be96a83f59dbda3f3163f68f	135073	TTRL/important_experiment_logs/ttrl_chunk_state_powerflow_future_support_transport_affinity_compatprop_relaxed_c128_probe4_b32_r32_v64_1step_20260801.log	raw stdout/stderr log omitted from slim git archive
654c1b4aef66c1893fdb4f84407df9ed2722275ec6acad7903b2331a547fbbbb	9057	TTRL/important_experiment_logs/ttrl_chunk_state_powerflow_future_support_transport_affinity_longctx_c128_probe4_b32_r32_v64_1step_20260801.log	raw stdout/stderr log omitted from slim git archive
740b6a8fc986ecfb6813a3b2d067b1ef6219f7ab341b52eb3a8a7acc4d6a2586	134851	TTRL/important_experiment_logs/ttrl_chunk_state_powerflow_future_support_transport_affinity_longctx_c128_probe4_b32_r32_v64_1step_20260801_rerun1.log	raw stdout/stderr log omitted from slim git archive
1f3eff1b33de04f4e19c68ad2a5a3d8a54b3ed6b3c59f626db5c544335b743b8	132733	TTRL/important_experiment_logs/ttrl_chunk_state_powerflow_future_support_transport_affinity_masssrc_stategate_c128_probe4_b32_r32_v64_1step_20260801.log	raw stdout/stderr log omitted from slim git archive
ef58cdd9e62cf1c4261d30bd60758fd6796209b5dc5d27c4d4e6f2eb62244a80	131319	TTRL/important_experiment_logs/ttrl_chunk_state_powerflow_future_support_transport_affinity_masssrc_stategate_c128_probe4_b32_r32_v64_c16_1step_20260801.log	raw stdout/stderr log omitted from slim git archive
dfec0f5b4cd66adcac9d7bbb264308b3a606a96532ea9eec2b8a8eda743b9d84	141667	TTRL/important_experiment_logs/ttrl_chunk_state_powerflow_future_support_transport_affinity_mid_c128_probe4_long_b32_r32_v64_2step_20260801.log	raw stdout/stderr log omitted from slim git archive
41ac54223c3501b4d182baa1dda702f0e11ac4aa33cb7e303a98b1e212ea6f9f	129261	TTRL/important_experiment_logs/ttrl_chunk_state_powerflow_future_support_transport_affinity_stategate_c128_probe4_b32_r32_v64_1step_20260801.log	raw stdout/stderr log omitted from slim git archive
76ef76213e99d0d2e32a8fde734f4cb79f0089f07e91bb9474e2fb45076243d4	128772	TTRL/important_experiment_logs/ttrl_chunk_state_powerflow_future_support_transport_affinity_supportprop_c128_probe4_b32_r32_v64_1step_20260801.log	raw stdout/stderr log omitted from slim git archive
7685cf8bb4b5228a357f71dce9bb4cbc6cafaa092088661ac3f8d69d8bd1c33f	135147	TTRL/important_experiment_logs/ttrl_chunk_state_powerflow_future_support_transport_support_gain_gate_c128_probe4_b32_r32_v64_1step_20260801.log	raw stdout/stderr log omitted from slim git archive
bc08f40f58e4a35f9829d3c83d63befacc6ebde4048e2fa31e7cae7a7ef81311	172073	TTRL/important_experiment_logs/ttrl_chunk_state_powerflow_future_support_tv_src3_mid_c128_probe4_b32_r32_v64_20260801.log	raw stdout/stderr log omitted from slim git archive
547a2b7314235d9c5f9b7902ede61425a2bb03034d094deb9bc602952790cefb	357368	TTRL/important_experiment_logs/ttrl_chunk_state_powerflow_futuregain_fullcand_mid_c128_probe1536x4_b32_r32_v64_20step_20260801.log	raw stdout/stderr log omitted from slim git archive
55545c201adcbd9f46d2b5caf19837a21da0c24014bb32cac1f340d1e9b1474f	27793285	TTRL/important_experiment_logs/ttrl_chunk_state_powerflow_futuregain_fullcand_mid_c128_probe1536x4_b32_r32_v64_20step_20260801_rerun1.log	raw stdout/stderr log omitted from slim git archive
880626074bd34ca18ba4ee17c0c6d1306db0ddd94094040f2b87020d231138fe	166272	TTRL/important_experiment_logs/ttrl_chunk_state_powerflow_futuregain_fullcand_mid_c128_probe1536x4_b32_r32_v64_3step_20260801.log	raw stdout/stderr log omitted from slim git archive
509379c7967097d69539ee77068a7d2abfc387ad956fd5d11b490c1009bd4693	290004	TTRL/important_experiment_logs/ttrl_chunk_state_powerflow_futuregain_posteriormatch_highmassanchors_v12_mid_c128_probe1536x4_b32_r32_v64_20step_20260802.log	raw stdout/stderr log omitted from slim git archive
ec9950b420c089aca551177bd74e4a8d11755d0030ac5b48eab53dc85a9d0ef7	188095	TTRL/important_experiment_logs/ttrl_chunk_state_powerflow_futuregain_posteriormatch_highmassanchors_v12_mid_c128_probe1536x4_b32_r32_v64_3step_20260802.log	raw stdout/stderr log omitted from slim git archive
ab4aa1584fdf3670b0385ac278237a04ec7fc5dd0d17e86f081d52372a03ef9d	183330	TTRL/important_experiment_logs/ttrl_chunk_state_powerflow_futuregain_posteriormatch_softkeep_fullsupport_mid_c128_probe1536x4_b32_r32_v64_3step_20260802.log	raw stdout/stderr log omitted from slim git archive
9c02253ae23f90688f81bf41c41cb0e55afc96004ed8d48b0ab41eae37d9ff52	181012	TTRL/important_experiment_logs/ttrl_chunk_state_powerflow_futuregain_posteriormatch_supportmixed_softkeep_mid_c128_probe1536x4_b32_r32_v64_3step_20260802.log	raw stdout/stderr log omitted from slim git archive
7a49c83b9b44bf35762f7178f902c66f622ef69b201126af58319b13dbf34818	177860	TTRL/important_experiment_logs/ttrl_chunk_state_powerflow_futuregain_posteriormatch_v2_highsupport_softgate_mid_c128_probe1536x4_b32_r32_v64_3step_20260802.log	raw stdout/stderr log omitted from slim git archive
27527367d0055a34caa7feea930dc4394c3e496a4eed7a76478a1e572aef5180	186604	TTRL/important_experiment_logs/ttrl_chunk_state_powerflow_futuregain_posteriormatch_v3_highsupport_relaxedgate_mid_c128_probe1536x4_b32_r32_v64_3step_20260802.log	raw stdout/stderr log omitted from slim git archive
ef6abf150395477357bde355d99d4aedc9fa17949fc3fe84a599ac3e05ea1f73	184961	TTRL/important_experiment_logs/ttrl_chunk_state_powerflow_futuregain_posteriormatch_v4_highsupport_spp2_mid_c128_probe1536x4_b32_r32_v64_3step_20260802.log	raw stdout/stderr log omitted from slim git archive
fc9f6af0f4a71459661491815826ec5a705a8fec8643a72e75228d8af71fc24a	207093	TTRL/important_experiment_logs/ttrl_chunk_state_powerflow_futuregain_postvalue_staged_softkeep_fullsupport_mid_c128_b32_r32_v64_3step_20260802.log	raw stdout/stderr log omitted from slim git archive
496e71ab65596c46f8271a66ee80c876fa8aa5cdfabd6b76901a7341d9bd1c60	173153	TTRL/important_experiment_logs/ttrl_chunk_state_powerflow_futuregain_smoothed_transport_mid_c128_probe1024x4_b32_r32_v64_3step_20260801.log	raw stdout/stderr log omitted from slim git archive
4355f793a2cf001dae338b49ce3661cded7b2051528cb9545c494b0753f1f327	187166	TTRL/important_experiment_logs/ttrl_chunk_state_powerflow_futuregain_smoothed_transport_support5_mid_c128_probe1024x4_b32_r32_v64_3step_20260801.log	raw stdout/stderr log omitted from slim git archive
cd3e9e12af15cc0b05aac4d59b0ff07c0b367834c4be9ea07302976ad6c851ee	131881	TTRL/important_experiment_logs/ttrl_chunk_state_powerflow_futuregain_staged_fullsupport_mid_c128_probe512x2_extra1536x6_b32_r32_v64_3step_20260801.log	raw stdout/stderr log omitted from slim git archive
ce2ccef0543200e719432463beb5637a8539c81e911ea8e1d824588728737444	184401	TTRL/important_experiment_logs/ttrl_chunk_state_powerflow_futuregain_staged_fullsupport_mid_c128_probe512x2_extra1536x6_b32_r32_v64_3step_20260801_rerun1.log	raw stdout/stderr log omitted from slim git archive
7e8e4c981f8e039bd620b9e2cd06f443494f550d83facc29448d6d6b80f8046a	187194	TTRL/important_experiment_logs/ttrl_chunk_state_powerflow_futuregain_supportdist_alignedanchors_v10_mid_c128_probe1536x4_b32_r32_v64_3step_20260802.log	raw stdout/stderr log omitted from slim git archive
6862a34f4dd9a1b06e0a63a21eb70477bebff101bd3ca156ee9baebd097c2ef2	179926	TTRL/important_experiment_logs/ttrl_chunk_state_powerflow_futuregain_supportdist_highmassanchors_v11_mid_c128_probe1536x4_b32_r32_v64_3step_20260802.log	raw stdout/stderr log omitted from slim git archive
a5aa8b233537afb4eb4dd2e0d702d16df1946728f3acc86b8aff4a95a350d745	169253	TTRL/important_experiment_logs/ttrl_chunk_state_powerflow_futuregain_supportdist_mid_c128_probe1536x4_b32_r32_v64_3step_20260802.log	raw stdout/stderr log omitted from slim git archive
4654389384710194cb0e4d9ab911ef57a50b8fc34d31dec283043f51fffc609f	173076	TTRL/important_experiment_logs/ttrl_chunk_state_powerflow_futuregain_supportdist_mid_c128_probe3072x4_b32_r32_v64_3step_20260802.log	raw stdout/stderr log omitted from slim git archive
220e32415be17e929dcc740a0fa6d5cc54f16d2084c9855cbcf3588897edb3d3	180017	TTRL/important_experiment_logs/ttrl_chunk_state_powerflow_futuregain_supportdist_softkeep_fullsupport_mid_c128_probe1536x4_b32_r32_v64_3step_20260802.log	raw stdout/stderr log omitted from slim git archive
fc14f1588f232efd92ce0f5595a12b266abbaf3c2f8ff828fe40c4ff79bced4b	171433	TTRL/important_experiment_logs/ttrl_chunk_state_powerflow_futuregain_supportdist_softkeep_v9_mid_c128_probe1536x4_b32_r32_v64_3step_20260802.log	raw stdout/stderr log omitted from slim git archive
74d0adb2fa2cecfcffe1cc65d5c56c1f0dc8ea4e5a25cbbdb55783ad46abf5df	181592	TTRL/important_experiment_logs/ttrl_chunk_state_powerflow_futuregain_supportdist_v8_mid_c128_probe1536x4_b32_r32_v64_3step_20260802.log	raw stdout/stderr log omitted from slim git archive
4bcdd3a8d228f28228912845a74d3f810a9494182321464c60abdbf3667acd4a	166768	TTRL/important_experiment_logs/ttrl_chunk_state_powerflow_futuregain_supportstrict_mid_c128_probe1536x4_b32_r32_v64_3step_20260802.log	raw stdout/stderr log omitted from slim git archive
445dc4443502c48b1c34c9dcc3fb13822d565ab9586ce6342c51e78270b2c89c	177871	TTRL/important_experiment_logs/ttrl_chunk_state_powerflow_futuregain_supportvalue_mid_c128_probe1536x4_b32_r32_v64_3step_20260802.log	raw stdout/stderr log omitted from slim git archive
bcc901b2531ba68af149241c10873a19c99f88dd8971c86478e95e42d87ead7e	25907765	TTRL/important_experiment_logs/ttrl_chunk_state_powerflow_label_consistent_c128_probe4_b32_r32_v64_20step_20260801.log	raw stdout/stderr log omitted from slim git archive
101705351f611dae20fd268eaf88b6c0ca63db859985b399b8a76b592295307f	135766	TTRL/important_experiment_logs/ttrl_chunk_state_powerflow_label_consistent_c128_probe4_b32_r32_v64_3step_20260801.log	raw stdout/stderr log omitted from slim git archive
ee10187de252e267fc768470959c832b28d232e8a376f8b5ae7fb8493dab622f	25515076	TTRL/important_experiment_logs/ttrl_chunk_state_powerflow_majority_completion_probe4_b32_r32_v64_20step_20260801.log	raw stdout/stderr log omitted from slim git archive
5771b2dd54fd4db7f6aca944e4e1a0d8e7bdbe3913cc9225080dc5c815ae9a37	147563	TTRL/important_experiment_logs/ttrl_chunk_state_powerflow_majority_completion_probe4_b32_r32_v64_3step_20260801.log	raw stdout/stderr log omitted from slim git archive
9bfc40bf786e49d98b8f2dffb6454d14ca1c3cfb39a668ca4b52f5f67142007d	23447452	TTRL/important_experiment_logs/ttrl_chunk_state_powerflow_majority_conf_gate_c128_probe4_b32_r32_v64_20step_20260801.log	raw stdout/stderr log omitted from slim git archive
5c9b5ef7e0973c70caf330495c69e73a0245abfb38ff00ec3e6b2e57da92c2b5	137069	TTRL/important_experiment_logs/ttrl_chunk_state_powerflow_majority_conf_gate_c128_probe4_b32_r32_v64_3step_20260801.log	raw stdout/stderr log omitted from slim git archive
f1825fd5c9996d71eca67f906b5da9a5317fb7e8f5d831c93fe3dfc72c3bfd23	25670799	TTRL/important_experiment_logs/ttrl_chunk_state_powerflow_majority_consistent_mid_c128_probe4_b32_r32_v64_20step_20260801.log	raw stdout/stderr log omitted from slim git archive
ed541213537f924eb6faeed9aa73849f0aa1f82643a36ab14e25372411c6ea0f	138722	TTRL/important_experiment_logs/ttrl_chunk_state_powerflow_majority_consistent_mid_c128_probe4_b32_r32_v64_3step_20260801.log	raw stdout/stderr log omitted from slim git archive
0d71cb8920ca2da75e0fe4c4fe158066b5aa80f95e4f13cc41f81b30bda70db8	30650323	TTRL/important_experiment_logs/ttrl_chunk_state_powerflow_majority_soft_conf_c128_probe4_b32_r32_v64_20step_20260801.log	raw stdout/stderr log omitted from slim git archive
7c1a02b923ea589f0a12c97ad73825435938f28d0370ba50cf365e5f12f7cd03	137532	TTRL/important_experiment_logs/ttrl_chunk_state_powerflow_majority_soft_conf_c128_probe4_b32_r32_v64_3step_20260801.log	raw stdout/stderr log omitted from slim git archive
e668fd3431d7ba28210c76055ea20273eacb00e8a80451954a91e210c991a1d6	129536	TTRL/important_experiment_logs/ttrl_chunk_state_powerflow_midstate_probe4_b32_r32_v64_3step_20260731.log	raw stdout/stderr log omitted from slim git archive
d43fcbfdb4e92a137ad874bb63f7768267c4b93e30e89647418c9043014f8eb0	116167	TTRL/important_experiment_logs/ttrl_chunk_state_powerflow_midstate_probe4_strictsrc_b32_r32_v64_1step_20260731.log	raw stdout/stderr log omitted from slim git archive
54294d18dff4cfa6e83486753fb16e22a33011cf2520c9d6f92dca83305e2821	131009	TTRL/important_experiment_logs/ttrl_chunk_state_powerflow_midstate_probe4_strictsrc_b32_r32_v64_20step_20260731.log	raw stdout/stderr log omitted from slim git archive
ca2d9b89b644bb2f53b6c3f0abbb6697f6f8b694db754bf7530d3dc90a69fcc0	31143646	TTRL/important_experiment_logs/ttrl_chunk_state_powerflow_midstate_probe4_strictsrc_b32_r32_v64_20step_rerun_20260731.log	raw stdout/stderr log omitted from slim git archive
758ecdd8752370a4bd76de87f27383d7a40b6b7543ac4c37c9965af66f3bab48	190349	TTRL/important_experiment_logs/ttrl_chunk_state_powerflow_posterior_support_longprobe2560_a6s8_prompt020_productweight_nosrcgate_mid_c128_probe2560x4_b32_r32_v64_3step_20260802.log	raw stdout/stderr log omitted from slim git archive
36e3b2b569b02e80775031f389cb488d75c0c665edb1eadd109b84b82ea19cc6	181919	TTRL/important_experiment_logs/ttrl_chunk_state_powerflow_posterior_support_prompt020_productweight_nosrcgate_mid_c128_probe1536x4_b32_r32_v64_3step_20260802.log	raw stdout/stderr log omitted from slim git archive
5b55a52816658f07f73bdd0f649b606ea2b2b84a4fe367b34a89beb047f256b3	181506	TTRL/important_experiment_logs/ttrl_chunk_state_powerflow_posterior_support_qualitygate_a6s8_prompt020_productweight_nosrcgate_mid_c128_probe1536x4_b32_r32_v64_3step_20260802.log	raw stdout/stderr log omitted from slim git archive
868c6a9a9ddd6c6da98f493a590cd1d2d1d9da42b538d6da79a07c7bd9d23f30	186648	TTRL/important_experiment_logs/ttrl_chunk_state_powerflow_posterior_support_sharp_a6s8_prompt020_productweight_nosrcgate_mid_c128_probe1536x4_b32_r32_v64_3step_20260802.log	raw stdout/stderr log omitted from slim git archive
835f5744d7ac41dede66d71e1a9c42bb1b24fc9a5a81e8c976d6b7f5e030ff42	129096	TTRL/important_experiment_logs/ttrl_chunk_state_powerflow_randomsrc_probe4_b32_r32_v64_3step_20260731.log	raw stdout/stderr log omitted from slim git archive
b4c924326c8c0192b9bb4abd1664c6405fcf55764cdeb167d2cb0caa14cc2303	154056	TTRL/important_experiment_logs/ttrl_chunk_state_powerflow_source_consistency_src3_mid_c128_probe4_b32_r32_v64_20260801.log	raw stdout/stderr log omitted from slim git archive
cbc6f983debb05c0d002829479c8e58283b93239f65ea7a71f3fa27d06eb8732	29989818	TTRL/important_experiment_logs/ttrl_chunk_state_powerflow_sourcechunk_probe4_b32_r32_v64_20step_20260731.log	raw stdout/stderr log omitted from slim git archive
7c5647d07ccc27ec4927fb3ca2c79155e2f4876420a6a885e1c76a278d9ec25a	131715	TTRL/important_experiment_logs/ttrl_chunk_state_powerflow_sourcechunk_probe4_b32_r32_v64_3step_20260731.log	raw stdout/stderr log omitted from slim git archive
9c5db38287cc36e62d87bc4277b54ece6e5c2b5a71308a46a7d7ddbddc038df6	28226968	TTRL/important_experiment_logs/ttrl_chunk_state_powerflow_sourcechunk_skipneg_probe4_b32_r32_v64_20step_20260801.log	raw stdout/stderr log omitted from slim git archive
9d5e7496495f55dd5fc777e7e6d65e6e6c22c82b6332af07acf43aef928585ac	132896	TTRL/important_experiment_logs/ttrl_chunk_state_powerflow_sourcechunk_skipneg_probe4_b32_r32_v64_3step_20260731.log	raw stdout/stderr log omitted from slim git archive
227d89c5624ab4656e961792d145dab5f7911622b614066bd8fde061286ba474	27572015	TTRL/important_experiment_logs/ttrl_chunk_state_powerflow_successsrc_noanchor_probe4_b32_r32_v64_20step_20260731.log	raw stdout/stderr log omitted from slim git archive
7a2eff433b6374aa5d5a806f59a37967fbd34bb407c02721c7de90a25ef16bc1	123862	TTRL/important_experiment_logs/ttrl_chunk_state_powerflow_successsrc_noanchor_probe4_b32_r32_v64_3step_20260731.log	raw stdout/stderr log omitted from slim git archive
f52e0a159cb21491ca56c355fa8d480b41c34cbaa582e54235ba7b4fa9d48332	176970	TTRL/important_experiment_logs/ttrl_chunk_state_powerflow_suffixsupport_v27_mid_suffix_eos_b32_r32_v64_3step_20260802.log	raw stdout/stderr log omitted from slim git archive
6d05c2c807b2f9a4433847decdbc9de84e1b2dd32d64846b870e71157853e5c3	23868766	TTRL/important_experiment_logs/ttrl_chunk_state_powerflow_suffixsupport_v28_dedup_mid_suffix_eos_b32_r32_v64_20step_20260802.log	raw stdout/stderr log omitted from slim git archive
8e47ea76c00bdefb6c1865f6d90ebe7c14b641ec6fb4cf144d1c45f0250ca07c	352922	TTRL/important_experiment_logs/ttrl_chunk_state_powerflow_suffixsupport_v29_answeragg_mid_suffix_eos_b32_r32_v64_20step_20260802.log	raw stdout/stderr log omitted from slim git archive
4731a15a123fa47f18b6754710acc02d10254df60e61de10b5d978b62cf76e7e	28171486	TTRL/important_experiment_logs/ttrl_chunk_state_powerflow_suffixsupport_v29_answeragg_mid_suffix_eos_b32_r32_v64_20step_20260802_rerun1.log	raw stdout/stderr log omitted from slim git archive
bab1521c461d7fb5f5766d6b26bb873867287d9d8bc3d5f63bcfab57ce4fcb52	177975	TTRL/important_experiment_logs/ttrl_chunk_state_powerflow_suffixsupport_v29_answeragg_mid_suffix_eos_b32_r32_v64_3step_20260802.log	raw stdout/stderr log omitted from slim git archive
cbca59d8cb0270709d39223e4f9e76312a1d2f7879cb2ec2454c8b1638f85542	38444	TTRL/important_experiment_logs/ttrl_chunk_state_powerflow_support20_mid_c128_probe4_b32_r32_v64_20260801.log	raw stdout/stderr log omitted from slim git archive
e9dd3da292383a7bb06ece25c3bfffdc13f7aadfef4e8f9feb07caca6e52f2cb	147730	TTRL/important_experiment_logs/ttrl_chunk_state_powerflow_support3_mid_c128_probe4_b32_r32_v64_20260801.log	raw stdout/stderr log omitted from slim git archive
06e2ff9689a20d88f69e743d09a797c5ab6155ddb5ed0bd92a3207fe3d2f8c61	28471742	TTRL/important_experiment_logs/ttrl_chunk_state_powerflow_support_anchor_diagoff_mid_c128_b32_r32_v64_20step_20260801.log	raw stdout/stderr log omitted from slim git archive
6025f7ad4718fc1efdba89c0483149075afc33e0e333f74e0ee32f76fcbc9891	139556	TTRL/important_experiment_logs/ttrl_chunk_state_powerflow_support_anchor_diagoff_mid_c128_b32_r32_v64_3step_20260801.log	raw stdout/stderr log omitted from slim git archive
625f3c6d99bc47ed4327c9c8c3b520a28c240d13fbf1e129322394ab50557364	902	TTRL/important_experiment_logs/ttrl_chunk_state_powerflow_support_anchor_diagoff_novallog_mid_c128_b32_r32_v64_20step_20260801.log	raw stdout/stderr log omitted from slim git archive
a2df10bfd41aa8320f4585e3c25cdd3ead3002b51e84d9caf1ec1c1b97c3cf53	148907	TTRL/important_experiment_logs/ttrl_chunk_state_powerflow_support_anchor_mid_c128_b32_r32_v64_3step_20260801.log	raw stdout/stderr log omitted from slim git archive
3624c36e0db9fdb64e85bf8724a2fa9c791994e203e72033ce593c79243ddaba	24340233	TTRL/important_experiment_logs/ttrl_chunk_state_powerflow_support_antirepeat_src20_mid_c128_probe4_b32_r32_v64_20260801.log	raw stdout/stderr log omitted from slim git archive
c0dbae72db695e36c4d7508486c21333f6648d3d909502f722567dc13985627d	152052	TTRL/important_experiment_logs/ttrl_chunk_state_powerflow_support_antirepeat_src3_mid_c128_probe4_b32_r32_v64_20260801.log	raw stdout/stderr log omitted from slim git archive
d267b4891e64fa445d8be41f93c903ca3e3248d035b944b56b534922395bbaba	173550	TTRL/important_experiment_logs/ttrl_chunk_state_powerflow_support_flow_answerproj_gate030_softplusgain_mid_c128_b32_r32_v64_3step_20260802.log	raw stdout/stderr log omitted from slim git archive
2c2f34e01f9f767545df075e6261aabf199ae054e36fdfba5a529e1dd6bd54c5	340755	TTRL/important_experiment_logs/ttrl_chunk_state_powerflow_support_flow_gain_mid_c128_b32_r32_v64_2step_20260801.log	raw stdout/stderr log omitted from slim git archive
7002128a18b262cacd64bfebfcbc1ed42592ad694ab66b48af641b88e77d8308	173169	TTRL/important_experiment_logs/ttrl_chunk_state_powerflow_support_flow_massprop_answersplit05_gate030_softplusgain_mid_c128_b32_r32_v64_3step_20260802.log	raw stdout/stderr log omitted from slim git archive
3d82ce6772a319c1426f4b025d5c629081ae710bba6753a5b980eca9e798aa5c	161459	TTRL/important_experiment_logs/ttrl_chunk_state_powerflow_support_flow_massprop_answersplit05_groupq_gate030_softplusgain_mid_c128_b32_r32_v64_3step_20260802.log	raw stdout/stderr log omitted from slim git archive
b25ea36ee23b4c1c4dfc2894b8c06f5f7b6eedd83dd4466609699e70f3786265	156495	TTRL/important_experiment_logs/ttrl_chunk_state_powerflow_support_flow_massprop_answersplit05_stateq70_gate030_softplusgain_mid_c128_b32_r32_v64_3step_20260802.log	raw stdout/stderr log omitted from slim git archive
6f92cdfab38904647072550abf367a299a2aacc9064005e1448fad8a6908c318	156735	TTRL/important_experiment_logs/ttrl_chunk_state_powerflow_support_flow_massprop_answersplit05_stateq_gate030_softplusgain_mid_c128_b32_r32_v64_3step_20260802.log	raw stdout/stderr log omitted from slim git archive
26241c2e102397eb30f8d5e6c2179d28c4fab1cda3dc7a57ecfe868ede1ea1e3	168430	TTRL/important_experiment_logs/ttrl_chunk_state_powerflow_support_flow_massprop_answersplit_gate030_softplusgain_mid_c128_b32_r32_v64_3step_20260802.log	raw stdout/stderr log omitted from slim git archive
7cda8492f6305572dd5f68fded1f0248f857c77d181eca6a516692793db28de0	159100	TTRL/important_experiment_logs/ttrl_chunk_state_powerflow_support_flow_mixedsource_denseanchor_softplusgain_mid_c128_b32_r32_v64_3step_20260802.log	raw stdout/stderr log omitted from slim git archive
4507388380276a65cdb269e20c6348cf66ca7428a69910c9bab7bf3e4070b2ec	149987	TTRL/important_experiment_logs/ttrl_chunk_state_powerflow_support_flow_mixedsource_gate030_softplusgain_mid_c128_b32_r32_v64_3step_20260802.log	raw stdout/stderr log omitted from slim git archive
a60ac20a99de8bac14b1d984877b5f35c5d0caf0702ed9af203f4b86580aa2e6	154402	TTRL/important_experiment_logs/ttrl_chunk_state_powerflow_support_flow_mixedsource_softplusgain_mid_c128_b32_r32_v64_3step_20260802.log	raw stdout/stderr log omitted from slim git archive
019449a718feed7f7d6e77137e2c4c2efcc289287e9aba9a8d5eba5ad9d66d10	290697	TTRL/important_experiment_logs/ttrl_chunk_state_powerflow_support_flow_softmass_mid_c128_b32_r32_v64_20step_20260801.log	raw stdout/stderr log omitted from slim git archive
757efae6beb7abdc720f505cc7d398c4eca03e53cac10a4f8c39df77ebc8071a	303794	TTRL/important_experiment_logs/ttrl_chunk_state_powerflow_support_flow_softmass_mid_c128_b32_r32_v64_20step_20260801_rerun1.log	raw stdout/stderr log omitted from slim git archive
f9dcda2898ac85e163e6a95cf766ebf2aa04ce82e1e594db0ac6e3dbf2528054	16156803	TTRL/important_experiment_logs/ttrl_chunk_state_powerflow_support_flow_softmass_mid_c128_b32_r32_v64_20step_20260801_rerun2.log	raw stdout/stderr log omitted from slim git archive
bf59ef803ac73c2a366a6933f66ea5de83e67f39eedeb89ece53ab2b106bf519	16273587	TTRL/important_experiment_logs/ttrl_chunk_state_powerflow_support_flow_softmass_mid_c128_b32_r32_v64_20step_20260801_rerun3.log	raw stdout/stderr log omitted from slim git archive
d66603df89c75b94add54cb3190fce8c1e203e34d2ef904f492c839d79940a19	135285	TTRL/important_experiment_logs/ttrl_chunk_state_powerflow_support_flow_softmass_mid_c128_b32_r32_v64_2step_20260801.log	raw stdout/stderr log omitted from slim git archive
9e5ecf1713cd439c1a5e89b095bfb3b87b902380a1395756769ee7cc21a4ffa6	133307	TTRL/important_experiment_logs/ttrl_chunk_state_powerflow_support_flow_suffix_softmass_mid_c128_b32_r32_v64_1step_20260801.log	raw stdout/stderr log omitted from slim git archive
bc9f52296f7d04b2be89264d63a618256441980690d3d3e1fe7084b8275b62f7	353524	TTRL/important_experiment_logs/ttrl_chunk_state_powerflow_support_flow_suffix_softmass_mid_c128_b32_r32_v64_20step_20260801.log	raw stdout/stderr log omitted from slim git archive
6f1912b3eddd97517baf3919296001f42adce0afbdcfe99e80096ba57544c8f2	28749125	TTRL/important_experiment_logs/ttrl_chunk_state_powerflow_support_flow_suffix_softmass_mid_c128_b32_r32_v64_20step_20260801_rerun1.log	raw stdout/stderr log omitted from slim git archive
38a3840c7a30db3761dc0364b5bbe192d32f0e69c8e970a41273e6de2c549fb6	161292	TTRL/important_experiment_logs/ttrl_chunk_state_powerflow_support_flow_suffix_softplusgain_mid_c128_b32_r32_v64_3step_20260802.log	raw stdout/stderr log omitted from slim git archive
59d98ffce25c7fd709d6e9a5834b4eee79b33c512bec455a66c8e0ea7e74ee1e	164045	TTRL/important_experiment_logs/ttrl_chunk_state_powerflow_support_flow_suffix_softrel_mid_c128_b32_r32_v64_3step_20260801.log	raw stdout/stderr log omitted from slim git archive
fe6d1d109288ea07599d1239d4a2138cd6b8e63a52f2c6e33571cb3b9f4cd4f5	27253284	TTRL/important_experiment_logs/ttrl_chunk_state_powerflow_support_massavg_src20_mid_c128_probe4_b32_r32_v64_20260801.log	raw stdout/stderr log omitted from slim git archive
5b95603cfa4898056daa7c40f0bbfa2144c8710a8343778d9eed32b6c79e16ea	165742	TTRL/important_experiment_logs/ttrl_chunk_state_powerflow_support_massavg_src3_mid_c128_probe4_b32_r32_v64_20260801.log	raw stdout/stderr log omitted from slim git archive
1670829b480e644d3bf7dce716838a50cbd29e64b9f678d6d989029dfbd70898	152614	TTRL/important_experiment_logs/ttrl_chunk_state_powerflow_support_massgain_src3_mid_c128_probe4_b32_r32_v64_20260801.log	raw stdout/stderr log omitted from slim git archive
8864874fa53c1e0ddd9a352020ffddda2ce24baaa9f48bd3be0464acf5a36404	119003	TTRL/important_experiment_logs/ttrl_chunk_state_powerflow_support_src20_mid_c128_probe4_b32_r32_v64_20260801.log	raw stdout/stderr log omitted from slim git archive
79b3ea6836c967ad1c5534e40d73d64b334ec7c6cc685840648f85709e3095b3	28930914	TTRL/important_experiment_logs/ttrl_chunk_state_powerflow_support_src20b_mid_c128_probe4_b32_r32_v64_20260801.log	raw stdout/stderr log omitted from slim git archive
f5fe3dfa35073a2724d3cad7bf4b7571191f4aa41bc6299c666b25d22777e08d	141300	TTRL/important_experiment_logs/ttrl_chunk_state_powerflow_support_src3_mid_c128_probe4_b32_r32_v64_20260801.log	raw stdout/stderr log omitted from slim git archive
b5bd9674f953ba88cc840878ef92d1c0a4febd29e9e10027e5c7ebf9f1e460b4	169413	TTRL/important_experiment_logs/ttrl_chunk_state_powerflow_supportflow_answerposterior_massrank_nosplit_spp2_mid_c128_b32_r32_v64_3step_20260802.log	raw stdout/stderr log omitted from slim git archive
f57539821186ffe7ffa55c3b20fdfac7e2efd3ed18938ea3781256fb9ca7872a	170389	TTRL/important_experiment_logs/ttrl_chunk_state_powerflow_supportflow_answerposterior_spp2_mid_c128_b32_r32_v64_3step_20260802.log	raw stdout/stderr log omitted from slim git archive
eaea529f312f4ec065d8ba6a20170270c79e582c0066d212bde7ba214eb9d018	163352	TTRL/important_experiment_logs/ttrl_chunk_state_powerflow_supportflow_fullposterior_spp2_mid_c128_b32_r32_v64_3step_20260802.log	raw stdout/stderr log omitted from slim git archive
973a5c5010fb61864d16dfa9797e5d4871e6ad7f3d7b95e2cbd28c2cd6f09003	179160	TTRL/important_experiment_logs/ttrl_chunk_state_powerflow_supportflow_posteriorgain_nosplit_v24_fullguard_balanced_sourceweight_targetonly_nonzeromid_c128_b32_r32_v64_3step_20260802.log	raw stdout/stderr log omitted from slim git archive
082dc85de8d8a3c5702dbc34f959c199b24d6caa0435322fc6c6da83fd7f58e2	176346	TTRL/important_experiment_logs/ttrl_chunk_state_powerflow_supportflow_posteriorgain_nosplit_v25_softkeep_fullguard_balanced_sourceweight_targetonly_nonzeromid_c128_b32_r32_v64_3step_20260802.log	raw stdout/stderr log omitted from slim git archive
f9cbb9299718ae8da063794e45b5bd3401e604199f462c9875ee4f6a2347ef61	183140	TTRL/important_experiment_logs/ttrl_chunk_state_powerflow_supportflow_posteriorgain_nosplit_v26_softkeep_c12_fullguard_balanced_sourceweight_targetonly_nonzeromid_c128_b32_r32_v64_3step_20260802.log	raw stdout/stderr log omitted from slim git archive
81d7e31fdd4b5b0a4b4ebd0488cf8992a2285ad764375f3ceef824209d87e7ba	420422	TTRL/important_experiment_logs/ttrl_chunk_state_powerflow_supportflow_posteriormass_nosplit_v14_mid_c128_b32_r32_v64_20step_20260802.log	raw stdout/stderr log omitted from slim git archive
13530a036cc0d2d391d4c42739e3deeed02bdd43191d0d06853f1c3d7bd44e35	172199	TTRL/important_experiment_logs/ttrl_chunk_state_powerflow_supportflow_posteriormass_nosplit_v14_mid_c128_b32_r32_v64_3step_20260802.log	raw stdout/stderr log omitted from slim git archive
68dc835dfca2d8f3a613a2916f9ffff0475b0aeb38eaeea41f3bfe47e7eb4114	29430404	TTRL/important_experiment_logs/ttrl_chunk_state_powerflow_supportflow_posteriormass_nosplit_v15_nonzeromid_skipempty_c128_b32_r32_v64_20step_20260802.log	raw stdout/stderr log omitted from slim git archive
ccbe7e3b0e393f14010d7f0d6190479ce8200f300ad5fba1b55bc4b1b8f43c8e	28525647	TTRL/important_experiment_logs/ttrl_chunk_state_powerflow_supportflow_posteriormass_nosplit_v16_targetonly_nonzeromid_c128_b32_r32_v64_20step_20260802.log	raw stdout/stderr log omitted from slim git archive
4518672f66351820e26afdd942f731226e16f0c4cb4c9e5c45062e1b5e744f00	172911	TTRL/important_experiment_logs/ttrl_chunk_state_powerflow_supportflow_posteriormass_nosplit_v16_targetonly_nonzeromid_c128_b32_r32_v64_3step_20260802.log	raw stdout/stderr log omitted from slim git archive
81011a68c687e8024e2e9d6df9556856a20f1490697895e240077f3e21da07ac	176111	TTRL/important_experiment_logs/ttrl_chunk_state_powerflow_supportflow_posteriormass_nosplit_v17_guardcand_targetonly_nonzeromid_c128_b32_r32_v64_3step_20260802.log	raw stdout/stderr log omitted from slim git archive
e7dca0f23906d1fa1d9e9f05f5aa92cfb64ae2ae30281274f89b30c070cba6b1	27783548	TTRL/important_experiment_logs/ttrl_chunk_state_powerflow_supportflow_posteriormass_nosplit_v18_pollutionguard_targetonly_nonzeromid_c128_b32_r32_v64_20step_20260802.log	raw stdout/stderr log omitted from slim git archive
5055e610410913be7c25b9564bbd5221987c53e2c013d5cd4e8c62a8522c998e	187189	TTRL/important_experiment_logs/ttrl_chunk_state_powerflow_supportflow_posteriormass_nosplit_v18_pollutionguard_targetonly_nonzeromid_c128_b32_r32_v64_3step_20260802.log	raw stdout/stderr log omitted from slim git archive
c72e676b65bf1fdbcb72bb69c79fca5628839a56eabd1ea7ed7f6d10d9207c3f	166747	TTRL/important_experiment_logs/ttrl_chunk_state_powerflow_supportflow_posteriormass_nosplit_v19_fullguard_targetonly_nonzeromid_c128_b32_r32_v64_3step_20260802.log	raw stdout/stderr log omitted from slim git archive
d5f38ab8a59166334559db9b0be04903e087dd51838659090434b62f0a505503	172892	TTRL/important_experiment_logs/ttrl_chunk_state_powerflow_supportflow_posteriormass_nosplit_v20_fullguard_softsource_targetonly_nonzeromid_c128_b32_r32_v64_3step_20260802.log	raw stdout/stderr log omitted from slim git archive
2775a40852b2139d347f07552ceb4b1c894aa658780b5837cdfa452bfa9a0231	175651	TTRL/important_experiment_logs/ttrl_chunk_state_powerflow_supportflow_posteriormass_nosplit_v21_fullguard_relaxedgate_targetonly_nonzeromid_c128_b32_r32_v64_3step_20260802.log	raw stdout/stderr log omitted from slim git archive
5549a8c3314f1de7d288fd7c050cfb319f2df9b67968acb96ab6793f950df1c4	176345	TTRL/important_experiment_logs/ttrl_chunk_state_powerflow_supportflow_posteriormass_nosplit_v22_fullguard_softweight_targetonly_nonzeromid_c128_b32_r32_v64_3step_20260802.log	raw stdout/stderr log omitted from slim git archive
fbca200a5d896be5191b988133a3558f86bd89925bde7526ef99ef9ba58f1d17	180471	TTRL/important_experiment_logs/ttrl_chunk_state_powerflow_supportflow_posteriormass_nosplit_v23_fullguard_balanced_sourceweight_targetonly_nonzeromid_c128_b32_r32_v64_3step_20260802.log	raw stdout/stderr log omitted from slim git archive
a78931cd9ec70f8538f17722e681126f25934ae32dced46d90ed6ed84f88b1c7	164523	TTRL/important_experiment_logs/ttrl_chunk_state_powerflow_supportflow_posteriormass_v13_mid_c128_b32_r32_v64_3step_20260802.log	raw stdout/stderr log omitted from slim git archive
50d161901aeea6be3284b0f4cae7bff4a201eb5a6442944cea265fdd23f12bd0	24860218	TTRL/important_experiment_logs/ttrl_chunk_state_powerflow_teacher_anchor_mid_c128_probe4_b32_r32_v64_20step_20260801.log	raw stdout/stderr log omitted from slim git archive
e57b488b038d8d60a14c2e5e281736440f8593fafc0b89a7b0474876f47ffe43	139389	TTRL/important_experiment_logs/ttrl_chunk_state_powerflow_teacher_anchor_mid_c128_probe4_b32_r32_v64_3step_20260801.log	raw stdout/stderr log omitted from slim git archive
85a4c4b2ad10772f1b945276c594cab895d20a4d832c4c743b76132b7ef2fe4e	28217438	TTRL/important_experiment_logs/ttrl_chunk_state_powerflow_voteinfo_probe4_b32_r32_v64_20step_20260801.log	raw stdout/stderr log omitted from slim git archive
7e5e949b8fb772ca666af86d1976e6e484caced812d2943b0f4dea4d5787de36	141745	TTRL/important_experiment_logs/ttrl_chunk_state_powerflow_voteinfo_probe4_b32_r32_v64_3step_20260801.log	raw stdout/stderr log omitted from slim git archive
dba857aa7432030cf8fd6a5b643bac3041018c1784779db559408b2f9a7aae6a	27200311	TTRL/important_experiment_logs/ttrl_full_rollout_powerflow_b0_posterior_alpha4_b32_r32_20step_20260802.log	raw stdout/stderr log omitted from slim git archive
ffc762b0d0a91276cb345314a4de1dc55d08ab28344f881bad31a173b185338b	143584	TTRL/important_experiment_logs/ttrl_full_rollout_powerflow_b0_posterior_alpha4_b32_r32_3step_20260802.log	raw stdout/stderr log omitted from slim git archive
647c6553f4d0db7c894c8fb00e1503c3eab3d29036b715470c465360e83326b9	16838689	TTRL/important_experiment_logs/ttrl_full_rollout_powerflow_b0_posterior_nll_b32_r32_20step_20260802.log	raw stdout/stderr log omitted from slim git archive
8e5b98ac741d05196684421dbdb75c6da0c9eb997ae69a827d6dc8e966bf20a4	16977407	TTRL/important_experiment_logs/ttrl_full_rollout_powerflow_b1_postgain_nll_b32_r32_20step_20260802.log	raw stdout/stderr log omitted from slim git archive
aa6b99616d870b26a3d0878f762fd5403cab0696eb62a31ba133cc38e690901e	15338758	TTRL/important_experiment_logs/ttrl_full_rollout_powerflow_b1_postgain_nll_b32_r32_40step_20260802.log	raw stdout/stderr log omitted from slim git archive
780d2c1edf036de2d933a83094a7cc44c5cff419c53e1d8c6a70c0aca3457f99	17003492	TTRL/important_experiment_logs/ttrl_full_rollout_powerflow_b2_margin_nll_b32_r32_20step_20260802.log	raw stdout/stderr log omitted from slim git archive
1c3bbef5eb137d06525e52610a86f85ffb76504f585f9df506045c0f2995275b	18910990	TTRL/important_experiment_logs/ttrl_full_rollout_powerflow_b3_topkrep_nll_b32_r32_20step_20260802.log	raw stdout/stderr log omitted from slim git archive
82a7f4415fe497b4411d5fbb171e1b36aea36a7ddf5808862688e97ebe152c3b	17038214	TTRL/important_experiment_logs/ttrl_full_rollout_powerflow_b4_selfcons_nll_b32_r32_20step_20260802.log	raw stdout/stderr log omitted from slim git archive
653f8cc45ca4027cfb3a899c30c6318ebb4202b2013a63e682446b50afef7a58	16840792	TTRL/important_experiment_logs/ttrl_full_rollout_powerflow_b5_top1cluster_nll_b32_r32_20step_20260802.log	raw stdout/stderr log omitted from slim git archive
ba528b105c559d2fd15858a03fbeeb3ec2a0dbaad73edf0d914030b32007177c	305730	TTRL/important_experiment_logs/ttrl_full_rollout_powerflow_b5_top1cluster_nll_b32_r32_40step_20260803.log	raw stdout/stderr log omitted from slim git archive
56bbabe923538589052d8d2a593529c43a8c8142397c075391182d32be0a9fb0	16776702	TTRL/important_experiment_logs/ttrl_full_rollout_powerflow_b6_top2cluster_nll_b32_r32_20step_20260803.log	raw stdout/stderr log omitted from slim git archive
0bc2b45bb2ecf8da969a6a29ed52c31255791b74d33279caa39abcf7561b1e2f	220516	TTRL/important_experiment_logs/ttrl_full_rollout_powerflow_b6r_top2cluster_nll_b32_r32_20step_20260803.log	raw stdout/stderr log omitted from slim git archive
8f185670788e86ddb8c6d67ef3d94bc71f681b80436f39e96f6b115429037cba	216364	TTRL/important_experiment_logs/ttrl_full_rollout_powerflow_b7_top1cluster_gate_nll_b32_r32_20step_20260803.log	raw stdout/stderr log omitted from slim git archive
baf13ba73996cba3dbd4e1155980ab5408192091aa9f4910f68c4f71ec60e544	219258	TTRL/important_experiment_logs/ttrl_full_rollout_powerflow_b8_top1cluster_softprompt_nll_b32_r32_20step_20260803.log	raw stdout/stderr log omitted from slim git archive
f0f6e2bb59a51d32425800ce5c1f668a09564b8750988e609f3931de8c237663	17375180	TTRL/important_experiment_logs/ttrl_full_rollout_powerflow_c0_qualitygate_nll_b32_r32_20step_20260802.log	raw stdout/stderr log omitted from slim git archive
bedf5df99d8fea45caff5e259ca5b2141efbab47eddaf2fdc62314b7a5f252e7	17106858	TTRL/important_experiment_logs/ttrl_full_rollout_powerflow_c1_postgain_eps005_nll_b32_r32_20step_20260802.log	raw stdout/stderr log omitted from slim git archive
35d3d8f1243c1e1f8eba645e25402d9e36f156ad0c7d792c5d95f7cf5551aca8	29656233	TTRL/important_experiment_logs/ttrl_full_rollout_powerflow_d0_oracle_alpha4_b32_r32_20step_20260802.log	raw stdout/stderr log omitted from slim git archive
9d40b2f741e0c4cd7428009253bccd4869b4a69387ebb01a57d6f3f9227191ef	17015024	TTRL/important_experiment_logs/ttrl_full_rollout_powerflow_d0_oracle_nll_b32_r32_20step_20260802.log	raw stdout/stderr log omitted from slim git archive
362a7bc952904272f0fb5d71d7a1295098f2f0bf20f1d5de3549934d08c7dfe8	167145	TTRL/important_experiment_logs/ttrl_full_rollout_powerflow_e0_postgain_eps005_n64_nll_b32_20step_20260802.log	raw stdout/stderr log omitted from slim git archive
4f7033e28e94daf8f62fd7ea65412cc49184cf8d9a0cf8d9e5a3f6cc07585b88	124535	TTRL/important_experiment_logs/ttrl_sharpened_grpo_b16_r32_v64_20step_h100_aggr_nofree_kl_refmb8_mem060_soft002_20260803.log	raw stdout/stderr log omitted from slim git archive
0b24e132ed5e4b63aa3e468545074369deb3924ce45febb44d10e3bb0f228e9d	201004	TTRL/important_experiment_logs/ttrl_sharpened_grpo_b16_r32_v64_20step_h100_aggr_nofree_nokl_mem060_soft002_20260803.log	raw stdout/stderr log omitted from slim git archive
f0b4e0b888056886cb019ed12ef16941f9cb99ddca47d054540d5465066c2ef1	122624	TTRL/important_experiment_logs/ttrl_sharpened_grpo_b16_r32_v64_20step_h100_aggr_nofree_nokl_soft002_20260803.log	raw stdout/stderr log omitted from slim git archive
0145daed7e7dc13912c95cebfb195201f43b91d11450ede83e7d6ecacf73be52	133756	TTRL/important_experiment_logs/ttrl_sharpened_grpo_b16_r32_v64_3step_h100_aggr_nofree_kl_mb4_refmb8_nvls_mem060_soft002_20260803.log	raw stdout/stderr log omitted from slim git archive
d8df0615bc4e9405c7dcc317d3a747bb6ee86a8a704d7d8848c178a5920a99fd	132133	TTRL/important_experiment_logs/ttrl_sharpened_grpo_b16_r32_v64_3step_h100_aggr_nofree_kl_refmb8_nogc_mem060_soft002_20260803.log	raw stdout/stderr log omitted from slim git archive
a674dad549a409e354cf5921a74157ec1966e98645cc09719f3e79c554741a08	134875	TTRL/important_experiment_logs/ttrl_sharpened_grpo_b16_r32_v64_3step_h100_aggr_nofree_kl_refmb8_nvls_fa2_mem060_soft002_20260803.log	raw stdout/stderr log omitted from slim git archive
203ace84a576b3ce76a71628742203c56191af32f771175d0c027cb54f194f68	143866	TTRL/important_experiment_logs/ttrl_sharpened_grpo_b16_r32_v64_3step_h100_aggr_nofree_kl_refmb8_nvls_fa2_prefetch_mem060_soft002_20260803.log	raw stdout/stderr log omitted from slim git archive
62327f263757038d921892bbb10fc85aceb9153a148084be1f2e492a5f945eea	155618	TTRL/important_experiment_logs/ttrl_sharpened_grpo_b16_r32_v64_5step_h100_aggr_nofree_kl_mem060_soft002_20260803.log	raw stdout/stderr log omitted from slim git archive
c1a4dc9d76b5515806deb72178e0eb75c7af6a0eef38a55eec6325e003d50673	141962	TTRL/important_experiment_logs/ttrl_sharpened_grpo_b16_r32_v64_5step_h100_aggr_nofree_kl_refmb8_mem060_soft002_20260803.log	raw stdout/stderr log omitted from slim git archive
01cde92c18f3a9fe43abb5533d5cce6f9d9a005bbd941bcedefc724bfa9d6d80	147437	TTRL/important_experiment_logs/ttrl_sharpened_grpo_b16_r32_v64_5step_h100_aggr_nofree_kl_refmb8_nvls_mem060_soft002_20260803.log	raw stdout/stderr log omitted from slim git archive
fee77ed91730f60c8fd56b903d84c536e5b52240077ef7fc57ea5f4fc9297892	214012	TTRL/important_experiment_logs/ttrl_sharpened_grpo_b32_r32_v64_20step_h100_restore_mvanchor_soft002_20260803.log	raw stdout/stderr log omitted from slim git archive
fa666887ae75f4744d87bca6be3ac9e145e5c60c70e8568c70c311479effea8a	199553	TTRL/important_experiment_logs/ttrl_sharpened_grpo_b8_r32_v64_20step_h100_restore_mvanchor_soft002_20260803.log	raw stdout/stderr log omitted from slim git archive
abe91680880efaacf49255c1cb9a70178daa258041117ab02bd00d48ffd24690	5143	TTRL/verl/run_records/logs/qwen3_moe_hf_to_mcore_retry_20260806_1135.log	run_records raw stdout/stderr log omitted from slim git archive
6dc7cfae8e9c518695a02cb35b133ac78492e338182b7be2d8196ff0233dbafc	877	TTRL/verl/run_records/logs/ttrl_qwen3_30b_a3b_megatron_ep_fullft_smoke_20260806_20260806_113908.log	run_records raw stdout/stderr log omitted from slim git archive
92fcca34ee770b44c7f1b407c862a61c6b13b9aa42ff0956138e7ccb37df7dce	7582	TTRL/verl/run_records/logs/ttrl_qwen3_30b_a3b_megatron_ep_fullft_smoke_20260806_20260806_114122.log	run_records raw stdout/stderr log omitted from slim git archive
d02fdd0bfb3618f4be6b18edc3881d645fd0dcf7b0e43228635e034f1e221776	47908	TTRL/verl/run_records/logs/ttrl_qwen3_30b_a3b_megatron_ep_fullft_smoke_20260806_20260806_114311.log	run_records raw stdout/stderr log omitted from slim git archive
b09055d86a0a0b16c8a6748527612218c0de10b9dd6ffbe2a0b9668ef7978287	48865	TTRL/verl/run_records/logs/ttrl_qwen3_30b_a3b_megatron_ep_fullft_smoke_20260806_20260806_114702.log	run_records raw stdout/stderr log omitted from slim git archive
12aa076d8f8529cffcf8ac6779094545c1194618f9aed78c54c2924144581737	70498	TTRL/verl/run_records/logs/ttrl_qwen3_30b_a3b_megatron_ep_fullft_smoke_20260806_20260806_115051.log	run_records raw stdout/stderr log omitted from slim git archive
96da5c93845a280023fbe51008f6f56b69ee82b85a9653cff857b6e13ba768ed	72278	TTRL/verl/run_records/logs/ttrl_qwen3_30b_a3b_megatron_ep_fullft_smoke_20260806_20260806_115812.log	run_records raw stdout/stderr log omitted from slim git archive
08460d80f0aa936e27175795cc5ab411854b4303bdeb03e18dd96807df315b72	74017	TTRL/verl/run_records/logs/ttrl_qwen3_30b_a3b_megatron_ep_fullft_smoke_20260806_20260806_120332.log	run_records raw stdout/stderr log omitted from slim git archive
36c3300d84df908866c0580edf67afd2fa4f7f4366c96907210eab3de361d024	144084	TTRL/verl/run_records/logs/ttrl_qwen3_30b_a3b_megatron_ep_fullft_smoke_20260806_20260806_120758.log	run_records raw stdout/stderr log omitted from slim git archive
ef05696b110de4b55c69935ce1c2f75304c9fbdb36a85e38de992da5ffea3826	142758	TTRL/verl/run_records/logs/ttrl_qwen3_30b_a3b_megatron_ep_fullft_smoke_20260806_20260806_121928.log	run_records raw stdout/stderr log omitted from slim git archive
5685568a354859e9b55c146436f0b76c132a1c68010d02b084868ecd8d5ee900	76458	TTRL/verl/run_records/logs/ttrl_qwen3_30b_a3b_megatron_ep_fullft_smoke_20260806_20260806_122534.log	run_records raw stdout/stderr log omitted from slim git archive
dd952ca526d5603c09b1c2c4f40280acac2d101cfb27eb4f967601e736a7e224	80496	TTRL/verl/run_records/logs/ttrl_qwen3_30b_a3b_megatron_ep_fullft_smoke_20260806_20260806_123332.log	run_records raw stdout/stderr log omitted from slim git archive
308bd01577f00eee53e220e19787fb3e15b9ea0a2e25d1a5a81550197894a56b	139380	TTRL/verl/run_records/logs/ttrl_qwen3_30b_a3b_megatron_ep_fullft_smoke_20260806_20260806_123839.log	run_records raw stdout/stderr log omitted from slim git archive
8266dae80b0898e69fa6db399ef1d115040576ce698f75cd1273ed2a4d5740cf	242381	TTRL/verl/run_records/logs/ttrl_qwen3_30b_a3b_megatron_ep_fullft_smoke_20260806_20260806_124442.log	run_records raw stdout/stderr log omitted from slim git archive
ff6b0130bc3cc3cb4b234fabe511832fea9921d986f4e8f350a3970c5a61fffe	8407	TTRL/verl/run_records/logs/ttrl_qwen3_30b_moe_math500_grpo_1step_smoke_20260806_20260806_055154.log	run_records raw stdout/stderr log omitted from slim git archive
81dc44300dab28130c0fc62df0045297e424c73b2c7f49dbc6b97e65eed6e448	54302	TTRL/verl/run_records/logs/ttrl_qwen3_30b_moe_math500_grpo_1step_smoke_20260806_20260806_055502.log	run_records raw stdout/stderr log omitted from slim git archive
34665815f39937d6fc462133ce5b53eef2968dfdb34dae13db06d6c62593f61f	54791	TTRL/verl/run_records/logs/ttrl_qwen3_30b_moe_math500_grpo_1step_smoke_20260806_20260806_055753.log	run_records raw stdout/stderr log omitted from slim git archive
e3b0c44298fc1c149afbf4c8996fb92427ae41e4649b934ca495991b7852b855	0	TTRL/verl/run_records/logs/ttrl_qwen3_30b_moe_math500_grpo_1step_smoke_20260806_20260806_060012.log	run_records raw stdout/stderr log omitted from slim git archive
