timestamp, index, utilization.gpu [%], memory.used [MiB], memory.total [MiB], power.draw [W]
2026/06/30 13:22:50.392, 0, 0, 0, 183359, 193.19
2026/06/30 13:22:50.394, 1, 0, 0, 183359, 190.19
2026/06/30 13:22:50.396, 2, 0, 0, 183359, 190.59
2026/06/30 13:22:50.397, 3, 0, 0, 183359, 190.45
2026/06/30 13:22:50.399, 4, 0, 0, 183359, 192.66
2026/06/30 13:22:50.400, 5, 0, 0, 183359, 194.71
2026/06/30 13:22:50.402, 6, 0, 0, 183359, 192.90
2026/06/30 13:22:50.403, 7, 0, 0, 183359, 188.95
2026/06/30 13:22:55.405, 0, 0, 0, 183359, 193.15
2026/06/30 13:22:55.407, 1, 0, 0, 183359, 190.07
2026/06/30 13:22:55.408, 2, 0, 0, 183359, 190.58
2026/06/30 13:22:55.410, 3, 0, 0, 183359, 190.45
2026/06/30 13:22:55.410, 4, 0, 0, 183359, 192.62
2026/06/30 13:22:55.410, 5, 0, 0, 183359, 194.67
2026/06/30 13:22:55.410, 6, 0, 0, 183359, 192.85
2026/06/30 13:22:55.410, 7, 0, 0, 183359, 188.91
2026/06/30 13:23:00.412, 0, 0, 0, 183359, 195.60
2026/06/30 13:23:00.412, 1, 0, 0, 183359, 192.44
2026/06/30 13:23:00.412, 2, 0, 0, 183359, 192.73
2026/06/30 13:23:00.412, 3, 0, 0, 183359, 192.90
2026/06/30 13:23:00.412, 4, 0, 0, 183359, 195.03
2026/06/30 13:23:00.412, 5, 0, 0, 183359, 197.17
2026/06/30 13:23:00.412, 6, 0, 0, 183359, 195.21
2026/06/30 13:23:00.412, 7, 0, 0, 183359, 191.47
2026/06/30 13:23:05.412, 0, 0, 0, 183359, 193.02
2026/06/30 13:23:05.412, 1, 0, 0, 183359, 190.09
2026/06/30 13:23:05.412, 2, 0, 0, 183359, 190.47
2026/06/30 13:23:05.412, 3, 0, 0, 183359, 190.27
2026/06/30 13:23:05.412, 4, 0, 0, 183359, 192.65
2026/06/30 13:23:05.412, 5, 0, 0, 183359, 194.73
2026/06/30 13:23:05.412, 6, 0, 0, 183359, 192.86
2026/06/30 13:23:05.412, 7, 0, 0, 183359, 188.92
2026/06/30 13:23:10.413, 0, 0, 0, 183359, 193.10
2026/06/30 13:23:10.413, 1, 0, 0, 183359, 190.15
2026/06/30 13:23:10.413, 2, 0, 0, 183359, 190.49
2026/06/30 13:23:10.413, 3, 0, 0, 183359, 190.37
2026/06/30 13:23:10.413, 4, 0, 0, 183359, 192.65
2026/06/30 13:23:10.413, 5, 0, 0, 183359, 194.74
2026/06/30 13:23:10.413, 6, 0, 0, 183359, 192.99
2026/06/30 13:23:10.413, 7, 0, 0, 183359, 188.96
2026/06/30 13:23:15.413, 0, 0, 4, 183359, 195.46
2026/06/30 13:23:15.413, 1, 0, 4, 183359, 192.44
2026/06/30 13:23:15.413, 2, 0, 4, 183359, 193.06
2026/06/30 13:23:15.413, 3, 0, 4, 183359, 192.80
2026/06/30 13:23:15.413, 4, 0, 4, 183359, 195.24
2026/06/30 13:23:15.413, 5, 0, 4, 183359, 197.34
2026/06/30 13:23:15.413, 6, 0, 4, 183359, 195.58
2026/06/30 13:23:15.413, 7, 0, 4, 183359, 191.37
2026/06/30 13:23:20.414, 0, 0, 4, 183359, 193.17
2026/06/30 13:23:20.416, 1, 0, 4, 183359, 190.13
2026/06/30 13:23:20.419, 2, 0, 4, 183359, 190.47
2026/06/30 13:23:20.419, 3, 0, 4, 183359, 190.40
2026/06/30 13:23:20.419, 4, 0, 4, 183359, 192.64
2026/06/30 13:23:20.419, 5, 0, 4, 183359, 194.75
2026/06/30 13:23:20.419, 6, 0, 4, 183359, 192.95
2026/06/30 13:23:20.419, 7, 0, 4, 183359, 189.07
2026/06/30 13:23:25.419, 0, 0, 4, 183359, 193.14
2026/06/30 13:23:25.419, 1, 0, 4, 183359, 190.11
2026/06/30 13:23:25.419, 2, 0, 4, 183359, 190.62
2026/06/30 13:23:25.419, 3, 0, 4, 183359, 190.50
2026/06/30 13:23:25.419, 4, 0, 4, 183359, 192.57
2026/06/30 13:23:25.419, 5, 0, 4, 183359, 194.69
2026/06/30 13:23:25.419, 6, 0, 4, 183359, 192.90
2026/06/30 13:23:25.419, 7, 0, 4, 183359, 188.95
2026/06/30 13:23:30.420, 0, 0, 4, 183359, 195.51
2026/06/30 13:23:30.420, 1, 0, 4, 183359, 192.68
2026/06/30 13:23:30.420, 2, 0, 4, 183359, 193.09
2026/06/30 13:23:30.422, 3, 0, 4, 183359, 193.05
2026/06/30 13:23:30.423, 4, 0, 4, 183359, 194.94
2026/06/30 13:23:30.424, 5, 0, 4, 183359, 197.43
2026/06/30 13:23:30.424, 6, 0, 4, 183359, 195.36
2026/06/30 13:23:30.424, 7, 0, 4, 183359, 191.57
2026/06/30 13:23:35.425, 0, 0, 4, 183359, 193.04
2026/06/30 13:23:35.425, 1, 0, 4, 183359, 190.03
2026/06/30 13:23:35.425, 2, 0, 4, 183359, 190.60
2026/06/30 13:23:35.425, 3, 0, 4, 183359, 190.52
2026/06/30 13:23:35.425, 4, 0, 4, 183359, 192.60
2026/06/30 13:23:35.425, 5, 0, 4, 183359, 194.76
2026/06/30 13:23:35.425, 6, 0, 4, 183359, 192.89
2026/06/30 13:23:35.425, 7, 0, 4, 183359, 188.99
2026/06/30 13:23:40.425, 0, 0, 4, 183359, 193.03
2026/06/30 13:23:40.433, 1, 0, 4, 183359, 190.11
2026/06/30 13:23:40.435, 2, 0, 4, 183359, 190.71
2026/06/30 13:23:40.437, 3, 0, 4, 183359, 190.61
2026/06/30 13:23:40.438, 4, 0, 4, 183359, 192.65
2026/06/30 13:23:40.438, 5, 0, 4, 183359, 194.72
2026/06/30 13:23:40.438, 6, 0, 4, 183359, 192.88
2026/06/30 13:23:40.438, 7, 0, 4, 183359, 188.99
2026/06/30 13:23:45.438, 0, 0, 4, 183359, 195.51
2026/06/30 13:23:45.439, 1, 0, 4, 183359, 192.34
2026/06/30 13:23:45.439, 2, 0, 4, 183359, 192.91
2026/06/30 13:23:45.439, 3, 0, 4, 183359, 193.14
2026/06/30 13:23:45.439, 4, 0, 4, 183359, 195.11
2026/06/30 13:23:45.439, 5, 0, 4, 183359, 197.17
2026/06/30 13:23:45.439, 6, 0, 4, 183359, 195.26
2026/06/30 13:23:45.439, 7, 0, 4, 183359, 191.36
2026/06/30 13:23:50.439, 0, 0, 4, 183359, 193.11
2026/06/30 13:23:50.439, 1, 0, 4, 183359, 190.00
2026/06/30 13:23:50.439, 2, 0, 4, 183359, 190.59
2026/06/30 13:23:50.439, 3, 0, 4, 183359, 190.60
2026/06/30 13:23:50.439, 4, 0, 4, 183359, 192.62
2026/06/30 13:23:50.439, 5, 0, 4, 183359, 194.75
2026/06/30 13:23:50.439, 6, 0, 4, 183359, 192.93
2026/06/30 13:23:50.439, 7, 0, 4, 183359, 188.99
2026/06/30 13:23:55.440, 0, 0, 4, 183359, 193.03
2026/06/30 13:23:55.440, 1, 0, 4, 183359, 190.13
2026/06/30 13:23:55.440, 2, 0, 4, 183359, 190.57
2026/06/30 13:23:55.440, 3, 0, 4, 183359, 190.54
2026/06/30 13:23:55.440, 4, 0, 4, 183359, 192.58
2026/06/30 13:23:55.440, 5, 0, 4, 183359, 194.74
2026/06/30 13:23:55.440, 6, 0, 4, 183359, 192.85
2026/06/30 13:23:55.440, 7, 0, 4, 183359, 188.95
2026/06/30 13:24:00.440, 0, 0, 4, 183359, 195.43
2026/06/30 13:24:00.440, 1, 0, 4, 183359, 192.46
2026/06/30 13:24:00.440, 2, 0, 4, 183359, 193.21
2026/06/30 13:24:00.440, 3, 0, 4, 183359, 192.90
2026/06/30 13:24:00.440, 4, 0, 4, 183359, 195.19
2026/06/30 13:24:00.440, 5, 0, 4, 183359, 197.23
2026/06/30 13:24:00.440, 6, 0, 4, 183359, 195.52
2026/06/30 13:24:00.440, 7, 0, 4, 183359, 191.47
2026/06/30 13:24:05.441, 0, 0, 4, 183359, 192.98
2026/06/30 13:24:05.441, 1, 0, 4, 183359, 190.04
2026/06/30 13:24:05.441, 2, 0, 4, 183359, 190.59
2026/06/30 13:24:05.441, 3, 0, 4, 183359, 190.57
2026/06/30 13:24:05.441, 4, 0, 4, 183359, 192.54
2026/06/30 13:24:05.441, 5, 0, 4, 183359, 194.76
2026/06/30 13:24:05.441, 6, 0, 4, 183359, 192.82
2026/06/30 13:24:05.441, 7, 0, 4, 183359, 188.89
2026/06/30 13:24:10.441, 0, 0, 4, 183359, 193.17
2026/06/30 13:24:10.441, 1, 0, 4, 183359, 190.12
2026/06/30 13:24:10.441, 2, 0, 4, 183359, 190.44
2026/06/30 13:24:10.441, 3, 0, 4, 183359, 190.42
2026/06/30 13:24:10.441, 4, 0, 4, 183359, 192.56
2026/06/30 13:24:10.441, 5, 0, 4, 183359, 194.85
2026/06/30 13:24:10.441, 6, 0, 4, 183359, 192.90
2026/06/30 13:24:10.441, 7, 0, 4, 183359, 189.00
2026/06/30 13:24:15.442, 0, 0, 4, 183359, 195.44
2026/06/30 13:24:15.442, 1, 0, 4, 183359, 192.65
2026/06/30 13:24:15.442, 2, 0, 4, 183359, 193.03
2026/06/30 13:24:15.442, 3, 0, 4, 183359, 192.94
2026/06/30 13:24:15.442, 4, 0, 4, 183359, 194.92
2026/06/30 13:24:15.442, 5, 0, 4, 183359, 197.33
2026/06/30 13:24:15.442, 6, 0, 4, 183359, 195.34
2026/06/30 13:24:15.442, 7, 0, 4, 183359, 191.50
2026/06/30 13:24:20.442, 0, 0, 4, 183359, 193.18
2026/06/30 13:24:20.442, 1, 0, 4, 183359, 190.08
2026/06/30 13:24:20.442, 2, 0, 4, 183359, 190.65
2026/06/30 13:24:20.442, 3, 0, 4, 183359, 190.62
2026/06/30 13:24:20.442, 4, 0, 4, 183359, 192.56
2026/06/30 13:24:20.442, 5, 0, 4, 183359, 194.71
2026/06/30 13:24:20.442, 6, 0, 4, 183359, 192.87
2026/06/30 13:24:20.442, 7, 0, 4, 183359, 188.91
2026/06/30 13:24:25.443, 0, 0, 4, 183359, 193.07
2026/06/30 13:24:25.443, 1, 0, 4, 183359, 190.09
2026/06/30 13:24:25.443, 2, 0, 4, 183359, 190.56
2026/06/30 13:24:25.443, 3, 0, 4, 183359, 190.51
2026/06/30 13:24:25.443, 4, 0, 4, 183359, 192.65
2026/06/30 13:24:25.443, 5, 0, 4, 183359, 194.83
2026/06/30 13:24:25.443, 6, 0, 4, 183359, 192.86
2026/06/30 13:24:25.443, 7, 0, 4, 183359, 188.98
2026/06/30 13:24:30.443, 0, 0, 4, 183359, 195.63
2026/06/30 13:24:30.443, 1, 0, 4, 183359, 192.35
2026/06/30 13:24:30.443, 2, 0, 4, 183359, 192.97
2026/06/30 13:24:30.443, 3, 0, 4, 183359, 193.04
2026/06/30 13:24:30.443, 4, 0, 4, 183359, 195.21
2026/06/30 13:24:30.443, 5, 0, 4, 183359, 197.08
2026/06/30 13:24:30.443, 6, 0, 4, 183359, 195.21
2026/06/30 13:24:30.444, 7, 0, 4, 183359, 191.38
2026/06/30 13:24:35.444, 0, 0, 4, 183359, 193.10
2026/06/30 13:24:35.444, 1, 0, 4, 183359, 190.05
2026/06/30 13:24:35.444, 2, 0, 4, 183359, 190.58
2026/06/30 13:24:35.444, 3, 0, 4, 183359, 190.46
2026/06/30 13:24:35.444, 4, 0, 4, 183359, 192.68
2026/06/30 13:24:35.444, 5, 0, 4, 183359, 194.71
2026/06/30 13:24:35.444, 6, 0, 4, 183359, 192.88
2026/06/30 13:24:35.444, 7, 0, 4, 183359, 188.98
2026/06/30 13:24:40.444, 0, 0, 4, 183359, 193.03
2026/06/30 13:24:40.444, 1, 0, 4, 183359, 190.04
2026/06/30 13:24:40.444, 2, 0, 4, 183359, 190.58
2026/06/30 13:24:40.444, 3, 0, 4, 183359, 190.45
2026/06/30 13:24:40.445, 4, 0, 4, 183359, 192.68
2026/06/30 13:24:40.445, 5, 0, 4, 183359, 194.79
2026/06/30 13:24:40.445, 6, 0, 4, 183359, 192.81
2026/06/30 13:24:40.445, 7, 0, 4, 183359, 188.95
2026/06/30 13:24:45.445, 0, 0, 4, 183359, 195.37
2026/06/30 13:24:45.445, 1, 0, 4, 183359, 192.51
2026/06/30 13:24:45.445, 2, 0, 4, 183359, 193.10
2026/06/30 13:24:45.445, 3, 0, 4, 183359, 192.72
2026/06/30 13:24:45.445, 4, 0, 4, 183359, 195.31
2026/06/30 13:24:45.445, 5, 0, 4, 183359, 197.29
2026/06/30 13:24:45.445, 6, 0, 4, 183359, 195.46
2026/06/30 13:24:45.445, 7, 0, 4, 183359, 191.53
2026/06/30 13:24:50.445, 0, 0, 4, 183359, 193.19
2026/06/30 13:24:50.446, 1, 0, 4, 183359, 190.05
2026/06/30 13:24:50.446, 2, 0, 4, 183359, 190.63
2026/06/30 13:24:50.446, 3, 0, 4, 183359, 190.47
2026/06/30 13:24:50.446, 4, 0, 4, 183359, 192.68
2026/06/30 13:24:50.446, 5, 0, 4, 183359, 194.79
2026/06/30 13:24:50.446, 6, 0, 4, 183359, 192.89
2026/06/30 13:24:50.446, 7, 0, 4, 183359, 188.99
2026/06/30 13:24:55.446, 0, 0, 4, 183359, 193.28
2026/06/30 13:24:55.452, 1, 0, 4, 183359, 190.20
2026/06/30 13:24:55.456, 2, 0, 4, 183359, 190.87
2026/06/30 13:24:55.465, 3, 0, 4, 183359, 190.68
2026/06/30 13:24:55.471, 4, 0, 4, 183359, 192.74
2026/06/30 13:24:55.477, 5, 0, 4, 183359, 194.91
2026/06/30 13:24:55.481, 6, 0, 4, 183359, 193.13
2026/06/30 13:24:55.483, 7, 0, 4, 183359, 189.19
2026/06/30 13:25:00.484, 0, 0, 4, 183359, 195.34
2026/06/30 13:25:00.484, 1, 0, 4, 183359, 192.46
2026/06/30 13:25:00.484, 2, 0, 4, 183359, 192.85
2026/06/30 13:25:00.484, 3, 0, 4, 183359, 192.91
2026/06/30 13:25:00.484, 4, 0, 4, 183359, 194.78
2026/06/30 13:25:00.484, 5, 0, 4, 183359, 197.14
2026/06/30 13:25:00.484, 6, 0, 4, 183359, 195.07
2026/06/30 13:25:00.484, 7, 0, 4, 183359, 191.41
2026/06/30 13:25:05.485, 0, 0, 27, 183359, 193.01
2026/06/30 13:25:05.498, 1, 0, 28, 183359, 189.95
2026/06/30 13:25:05.507, 2, 0, 27, 183359, 190.51
2026/06/30 13:25:05.520, 3, 0, 27, 183359, 190.46
2026/06/30 13:25:05.534, 4, 0, 27, 183359, 192.57
2026/06/30 13:25:05.540, 5, 0, 27, 183359, 194.64
2026/06/30 13:25:05.553, 6, 0, 27, 183359, 192.81
2026/06/30 13:25:05.565, 7, 0, 626, 183359, 188.87
2026/06/30 13:25:10.573, 0, 0, 1658, 183359, 192.85
2026/06/30 13:25:10.574, 1, 0, 1580, 183359, 189.81
2026/06/30 13:25:10.575, 2, 0, 1626, 183359, 190.23
2026/06/30 13:25:10.576, 3, 0, 1612, 183359, 190.22
2026/06/30 13:25:10.576, 4, 0, 1684, 183359, 192.37
2026/06/30 13:25:10.577, 5, 0, 1618, 183359, 194.42
2026/06/30 13:25:10.578, 6, 0, 1614, 183359, 192.52
2026/06/30 13:25:10.579, 7, 0, 1604, 183359, 188.69
2026/06/30 13:25:15.580, 0, 11, 2898, 183359, 234.08
2026/06/30 13:25:15.580, 1, 66, 2898, 183359, 234.95
2026/06/30 13:25:15.580, 2, 66, 2898, 183359, 235.39
2026/06/30 13:25:15.580, 3, 60, 2898, 183359, 235.68
2026/06/30 13:25:15.580, 4, 60, 2898, 183359, 237.58
2026/06/30 13:25:15.580, 5, 68, 2898, 183359, 239.98
2026/06/30 13:25:15.580, 6, 59, 2898, 183359, 237.00
2026/06/30 13:25:15.580, 7, 59, 2898, 183359, 233.75
2026/06/30 13:25:20.580, 0, 0, 10026, 183359, 193.31
2026/06/30 13:25:20.582, 1, 0, 8912, 183359, 190.41
2026/06/30 13:25:20.583, 2, 0, 8912, 183359, 190.69
2026/06/30 13:25:20.586, 3, 0, 8912, 183359, 190.71
2026/06/30 13:25:20.587, 4, 0, 8912, 183359, 192.86
2026/06/30 13:25:20.588, 5, 0, 8912, 183359, 195.00
2026/06/30 13:25:20.588, 6, 0, 8912, 183359, 192.91
2026/06/30 13:25:20.589, 7, 0, 8912, 183359, 188.99
2026/06/30 13:25:25.589, 0, 0, 10026, 183359, 193.29
2026/06/30 13:25:25.589, 1, 0, 8912, 183359, 190.52
2026/06/30 13:25:25.589, 2, 0, 8912, 183359, 190.76
2026/06/30 13:25:25.589, 3, 0, 8912, 183359, 190.70
2026/06/30 13:25:25.589, 4, 0, 8912, 183359, 192.84
2026/06/30 13:25:25.589, 5, 0, 8912, 183359, 195.01
2026/06/30 13:25:25.589, 6, 0, 8912, 183359, 192.79
2026/06/30 13:25:25.589, 7, 0, 8912, 183359, 189.16
2026/06/30 13:25:30.590, 0, 0, 10026, 183359, 195.59
2026/06/30 13:25:30.590, 1, 0, 8912, 183359, 192.78
2026/06/30 13:25:30.590, 2, 0, 8912, 183359, 193.36
2026/06/30 13:25:30.590, 3, 0, 8912, 183359, 193.09
2026/06/30 13:25:30.590, 4, 0, 8912, 183359, 195.50
2026/06/30 13:25:30.590, 5, 0, 8912, 183359, 197.49
2026/06/30 13:25:30.590, 6, 0, 8912, 183359, 195.39
2026/06/30 13:25:30.590, 7, 0, 8912, 183359, 191.65
2026/06/30 13:25:35.590, 0, 0, 10026, 183359, 193.23
2026/06/30 13:25:35.590, 1, 0, 8912, 183359, 190.37
2026/06/30 13:25:35.590, 2, 0, 8912, 183359, 190.77
2026/06/30 13:25:35.590, 3, 0, 8912, 183359, 190.71
2026/06/30 13:25:35.590, 4, 0, 8912, 183359, 192.77
2026/06/30 13:25:35.590, 5, 0, 8912, 183359, 194.95
2026/06/30 13:25:35.590, 6, 0, 8912, 183359, 192.79
2026/06/30 13:25:35.590, 7, 0, 8912, 183359, 189.08
2026/06/30 13:25:40.591, 0, 16, 10026, 183359, 222.32
2026/06/30 13:25:40.591, 1, 90, 20990, 183359, 223.95
2026/06/30 13:25:40.591, 2, 100, 20990, 183359, 220.68
2026/06/30 13:25:40.591, 3, 94, 20990, 183359, 221.10
2026/06/30 13:25:40.591, 4, 94, 20990, 183359, 223.67
2026/06/30 13:25:40.591, 5, 93, 20990, 183359, 227.02
2026/06/30 13:25:40.591, 6, 95, 20990, 183359, 223.46
2026/06/30 13:25:40.591, 7, 99, 20990, 183359, 218.76
2026/06/30 13:25:45.591, 0, 0, 21902, 183359, 195.49
2026/06/30 13:25:45.591, 1, 0, 20990, 183359, 192.75
2026/06/30 13:25:45.591, 2, 0, 20990, 183359, 192.99
2026/06/30 13:25:45.591, 3, 0, 20990, 183359, 192.87
2026/06/30 13:25:45.591, 4, 0, 20990, 183359, 195.13
2026/06/30 13:25:45.591, 5, 0, 20990, 183359, 197.35
2026/06/30 13:25:45.591, 6, 0, 20990, 183359, 195.06
2026/06/30 13:25:45.591, 7, 0, 20990, 183359, 191.34
2026/06/30 13:25:50.592, 0, 0, 7566, 183359, 193.96
2026/06/30 13:25:50.592, 1, 0, 9116, 183359, 191.15
2026/06/30 13:25:50.592, 2, 0, 9116, 183359, 191.31
2026/06/30 13:25:50.592, 3, 0, 9116, 183359, 191.33
2026/06/30 13:25:50.592, 4, 0, 9116, 183359, 193.68
2026/06/30 13:25:50.592, 5, 0, 9116, 183359, 195.70
2026/06/30 13:25:50.592, 6, 0, 9116, 183359, 193.70
2026/06/30 13:25:50.592, 7, 0, 9116, 183359, 189.40
2026/06/30 13:25:55.592, 0, 0, 21464, 183359, 192.74
2026/06/30 13:25:55.592, 1, 0, 21682, 183359, 189.98
2026/06/30 13:25:55.592, 2, 0, 21682, 183359, 190.36
2026/06/30 13:25:55.592, 3, 0, 21682, 183359, 190.27
2026/06/30 13:25:55.592, 4, 0, 21682, 183359, 192.42
2026/06/30 13:25:55.592, 5, 0, 21682, 183359, 194.62
2026/06/30 13:25:55.592, 6, 0, 21682, 183359, 192.52
2026/06/30 13:25:55.592, 7, 0, 21682, 183359, 188.61
2026/06/30 13:26:00.593, 0, 0, 21464, 183359, 195.31
2026/06/30 13:26:00.593, 1, 0, 21682, 183359, 192.20
2026/06/30 13:26:00.593, 2, 0, 21682, 183359, 192.67
2026/06/30 13:26:00.593, 3, 0, 21682, 183359, 192.81
2026/06/30 13:26:00.593, 4, 0, 21682, 183359, 194.93
2026/06/30 13:26:00.593, 5, 0, 21682, 183359, 196.93
2026/06/30 13:26:00.593, 6, 0, 21682, 183359, 194.77
2026/06/30 13:26:00.593, 7, 0, 21682, 183359, 190.94
2026/06/30 13:26:05.593, 0, 0, 21464, 183359, 192.68
2026/06/30 13:26:05.593, 1, 0, 21682, 183359, 190.01
2026/06/30 13:26:05.593, 2, 0, 21682, 183359, 190.28
2026/06/30 13:26:05.593, 3, 0, 21682, 183359, 190.24
2026/06/30 13:26:05.593, 4, 0, 21682, 183359, 192.44
2026/06/30 13:26:05.594, 5, 0, 21682, 183359, 194.57
2026/06/30 13:26:05.594, 6, 0, 21682, 183359, 192.41
2026/06/30 13:26:05.594, 7, 0, 21682, 183359, 188.45
2026/06/30 13:26:10.594, 0, 0, 21628, 183359, 192.70
2026/06/30 13:26:10.594, 1, 0, 21790, 183359, 189.93
2026/06/30 13:26:10.594, 2, 0, 21790, 183359, 190.31
2026/06/30 13:26:10.594, 3, 0, 21790, 183359, 190.32
2026/06/30 13:26:10.594, 4, 0, 21790, 183359, 192.39
2026/06/30 13:26:10.594, 5, 0, 21790, 183359, 194.59
2026/06/30 13:26:10.594, 6, 0, 21790, 183359, 192.41
2026/06/30 13:26:10.594, 7, 0, 21790, 183359, 188.52
2026/06/30 13:26:15.594, 0, 13, 155658, 183359, 283.64
2026/06/30 13:26:15.595, 1, 10, 155874, 183359, 269.43
2026/06/30 13:26:15.595, 2, 14, 155872, 183359, 278.59
2026/06/30 13:26:15.595, 3, 14, 155874, 183359, 273.58
2026/06/30 13:26:15.595, 4, 10, 155868, 183359, 279.82
2026/06/30 13:26:15.595, 5, 11, 155874, 183359, 284.55
2026/06/30 13:26:15.595, 6, 9, 155870, 183359, 276.74
2026/06/30 13:26:15.595, 7, 13, 155874, 183359, 275.20
2026/06/30 13:26:20.595, 0, 0, 155970, 183359, 240.80
2026/06/30 13:26:20.595, 1, 6, 156188, 183359, 243.46
2026/06/30 13:26:20.595, 2, 0, 156200, 183359, 253.91
2026/06/30 13:26:20.595, 3, 11, 156218, 183359, 250.68
2026/06/30 13:26:20.595, 4, 6, 156188, 183359, 249.70
2026/06/30 13:26:20.595, 5, 7, 156188, 183359, 250.81
2026/06/30 13:26:20.595, 6, 10, 156224, 183359, 250.82
2026/06/30 13:26:20.595, 7, 9, 156220, 183359, 246.55
2026/06/30 13:26:25.596, 0, 100, 156098, 183359, 846.59
2026/06/30 13:26:25.596, 1, 100, 156316, 183359, 842.11
2026/06/30 13:26:25.596, 2, 100, 156328, 183359, 840.82
2026/06/30 13:26:25.596, 3, 100, 156346, 183359, 842.65
2026/06/30 13:26:25.596, 4, 100, 156316, 183359, 845.34
2026/06/30 13:26:25.596, 5, 100, 156316, 183359, 850.02
2026/06/30 13:26:25.596, 6, 91, 156352, 183359, 848.50
2026/06/30 13:26:25.596, 7, 100, 156348, 183359, 840.67
2026/06/30 13:26:30.596, 0, 100, 156098, 183359, 885.99
2026/06/30 13:26:30.596, 1, 98, 156316, 183359, 827.06
2026/06/30 13:26:30.596, 2, 100, 156328, 183359, 805.01
2026/06/30 13:26:30.596, 3, 100, 156346, 183359, 882.13
2026/06/30 13:26:30.596, 4, 100, 156316, 183359, 906.77
2026/06/30 13:26:30.596, 5, 100, 156316, 183359, 900.37
2026/06/30 13:26:30.596, 6, 100, 156352, 183359, 868.75
2026/06/30 13:26:30.596, 7, 100, 156348, 183359, 884.25
2026/06/30 13:26:35.597, 0, 100, 156098, 183359, 938.40
2026/06/30 13:26:35.597, 1, 100, 22188, 183359, 196.86
2026/06/30 13:26:35.597, 2, 65, 156330, 183359, 595.56
2026/06/30 13:26:35.597, 3, 100, 156346, 183359, 931.46
2026/06/30 13:26:35.597, 4, 100, 156316, 183359, 926.46
2026/06/30 13:26:35.597, 5, 100, 156316, 183359, 947.53
2026/06/30 13:26:35.597, 6, 100, 156352, 183359, 670.18
2026/06/30 13:26:35.597, 7, 100, 156348, 183359, 933.76
2026/06/30 13:26:40.597, 0, 100, 156098, 183359, 969.73
2026/06/30 13:26:40.599, 1, 100, 22188, 183359, 194.38
2026/06/30 13:26:40.602, 2, 100, 22188, 183359, 195.03
2026/06/30 13:26:40.603, 3, 100, 156346, 183359, 958.53
2026/06/30 13:26:40.610, 4, 100, 156316, 183359, 975.77
2026/06/30 13:26:40.612, 5, 100, 156316, 183359, 976.53
2026/06/30 13:26:40.613, 6, 100, 22188, 183359, 199.44
2026/06/30 13:26:40.614, 7, 100, 156348, 183359, 956.50
2026/06/30 13:26:45.615, 0, 100, 156098, 183359, 980.48
2026/06/30 13:26:45.615, 1, 100, 22188, 183359, 196.43
2026/06/30 13:26:45.615, 2, 100, 22188, 183359, 196.08
2026/06/30 13:26:45.615, 3, 100, 156346, 183359, 966.11
2026/06/30 13:26:45.615, 4, 100, 156316, 183359, 989.88
2026/06/30 13:26:45.615, 5, 100, 156316, 183359, 989.44
2026/06/30 13:26:45.616, 6, 100, 22188, 183359, 200.95
2026/06/30 13:26:45.616, 7, 100, 156348, 183359, 976.39
2026/06/30 13:26:50.616, 0, 0, 33718, 183359, 549.27
2026/06/30 13:26:50.616, 1, 0, 34722, 183359, 557.34
2026/06/30 13:26:50.616, 2, 0, 33868, 183359, 535.22
2026/06/30 13:26:50.616, 3, 0, 32604, 183359, 508.17
2026/06/30 13:26:50.616, 4, 0, 32774, 183359, 519.78
2026/06/30 13:26:50.616, 5, 0, 33140, 183359, 550.21
2026/06/30 13:26:50.616, 6, 0, 33936, 183359, 547.66
2026/06/30 13:26:50.616, 7, 0, 34606, 183359, 545.87
2026/06/30 13:26:55.616, 0, 1, 40648, 183359, 202.73
2026/06/30 13:26:55.616, 1, 1, 41640, 183359, 197.51
2026/06/30 13:26:55.616, 2, 1, 41218, 183359, 195.00
2026/06/30 13:26:55.616, 3, 1, 46290, 183359, 202.77
2026/06/30 13:26:55.617, 4, 0, 46074, 183359, 202.07
2026/06/30 13:26:55.617, 5, 1, 46638, 183359, 207.12
2026/06/30 13:26:55.617, 6, 1, 41256, 183359, 202.64
2026/06/30 13:26:55.617, 7, 1, 41988, 183359, 198.08
2026/06/30 13:27:00.617, 0, 96, 61910, 183359, 856.74
2026/06/30 13:27:00.617, 1, 96, 62988, 183359, 858.70
2026/06/30 13:27:00.617, 2, 98, 55822, 183359, 851.90
2026/06/30 13:27:00.617, 3, 96, 68374, 183359, 841.74
2026/06/30 13:27:00.617, 4, 96, 60630, 183359, 849.21
2026/06/30 13:27:00.617, 5, 95, 68910, 183359, 807.90
2026/06/30 13:27:00.617, 6, 95, 63116, 183359, 853.21
2026/06/30 13:27:00.617, 7, 96, 63010, 183359, 860.68
2026/06/30 13:27:05.617, 0, 96, 74562, 183359, 706.65
2026/06/30 13:27:05.618, 1, 96, 75642, 183359, 684.30
2026/06/30 13:27:05.618, 2, 77, 72218, 183359, 712.96
2026/06/30 13:27:05.618, 3, 97, 81024, 183359, 708.60
2026/06/30 13:27:05.618, 4, 73, 73282, 183359, 697.44
2026/06/30 13:27:05.618, 5, 95, 81562, 183359, 709.11
2026/06/30 13:27:05.618, 6, 96, 75398, 183359, 708.92
2026/06/30 13:27:05.618, 7, 97, 75662, 183359, 625.63
2026/06/30 13:27:10.618, 0, 0, 38538, 183359, 568.63
2026/06/30 13:27:10.619, 1, 0, 41876, 183359, 581.54
2026/06/30 13:27:10.621, 2, 0, 47570, 183359, 627.94
2026/06/30 13:27:10.623, 3, 7, 48290, 183359, 591.64
2026/06/30 13:27:10.624, 4, 5, 48514, 183359, 589.71
2026/06/30 13:27:10.625, 5, 0, 43474, 183359, 586.79
2026/06/30 13:27:10.627, 6, 3, 37440, 183359, 621.03
2026/06/30 13:27:10.631, 7, 5, 38110, 183359, 564.83
2026/06/30 13:27:15.635, 0, 100, 164230, 183359, 880.92
2026/06/30 13:27:15.635, 1, 100, 165234, 183359, 880.92
2026/06/30 13:27:15.635, 2, 100, 168124, 183359, 874.95
2026/06/30 13:27:15.635, 3, 100, 169472, 183359, 879.36
2026/06/30 13:27:15.635, 4, 100, 169256, 183359, 894.06
2026/06/30 13:27:15.635, 5, 100, 170230, 183359, 902.29
2026/06/30 13:27:15.635, 6, 100, 164448, 183359, 889.49
2026/06/30 13:27:15.635, 7, 100, 165118, 183359, 874.27
2026/06/30 13:27:20.635, 0, 100, 164230, 183359, 916.98
2026/06/30 13:27:20.637, 1, 100, 165234, 183359, 898.46
2026/06/30 13:27:20.640, 2, 100, 168124, 183359, 918.73
2026/06/30 13:27:20.641, 3, 100, 169472, 183359, 927.76
2026/06/30 13:27:20.641, 4, 100, 169256, 183359, 935.85
2026/06/30 13:27:20.641, 5, 100, 170230, 183359, 940.34
2026/06/30 13:27:20.641, 6, 100, 164448, 183359, 937.95
2026/06/30 13:27:20.641, 7, 100, 165118, 183359, 918.90
2026/06/30 13:27:25.642, 0, 100, 164230, 183359, 953.57
2026/06/30 13:27:25.642, 1, 100, 31386, 183359, 204.68
2026/06/30 13:27:25.642, 2, 100, 168124, 183359, 949.99
2026/06/30 13:27:25.642, 3, 100, 169472, 183359, 968.75
2026/06/30 13:27:25.642, 4, 100, 169256, 183359, 960.68
2026/06/30 13:27:25.642, 5, 100, 170230, 183359, 984.07
2026/06/30 13:27:25.642, 6, 100, 164448, 183359, 923.06
2026/06/30 13:27:25.642, 7, 100, 165118, 183359, 947.87
2026/06/30 13:27:30.642, 0, 100, 164230, 183359, 849.80
2026/06/30 13:27:30.642, 1, 100, 31386, 183359, 204.76
2026/06/30 13:27:30.642, 2, 100, 168124, 183359, 958.71
2026/06/30 13:27:30.642, 3, 100, 169472, 183359, 980.47
2026/06/30 13:27:30.642, 4, 100, 169256, 183359, 910.63
2026/06/30 13:27:30.642, 5, 100, 170230, 183359, 987.97
2026/06/30 13:27:30.642, 6, 100, 164448, 183359, 788.96
2026/06/30 13:27:30.642, 7, 100, 165118, 183359, 972.93
2026/06/30 13:27:35.643, 0, 100, 30382, 183359, 207.76
2026/06/30 13:27:35.643, 1, 100, 31386, 183359, 201.80
2026/06/30 13:27:35.643, 2, 45, 34276, 183359, 744.24
2026/06/30 13:27:35.643, 3, 100, 169472, 183359, 992.94
2026/06/30 13:27:35.643, 4, 100, 120922, 183359, 863.23
2026/06/30 13:27:35.643, 5, 100, 170230, 183359, 991.55
2026/06/30 13:27:35.643, 6, 100, 30600, 183359, 211.21
2026/06/30 13:27:35.643, 7, 100, 165118, 183359, 986.83
2026/06/30 13:27:40.643, 0, 98, 61480, 183359, 901.94
2026/06/30 13:27:40.643, 1, 98, 74706, 183359, 885.73
2026/06/30 13:27:40.643, 2, 98, 61910, 183359, 896.43
2026/06/30 13:27:40.643, 3, 98, 64024, 183359, 912.31
2026/06/30 13:27:40.643, 4, 98, 62926, 183359, 911.33
2026/06/30 13:27:40.643, 5, 98, 71078, 183359, 891.18
2026/06/30 13:27:40.643, 6, 98, 60280, 183359, 908.02
2026/06/30 13:27:40.643, 7, 98, 68688, 183359, 891.38
2026/06/30 13:27:45.644, 0, 93, 84564, 183359, 958.37
2026/06/30 13:27:45.644, 1, 95, 97734, 183359, 877.73
2026/06/30 13:27:45.644, 2, 96, 85044, 183359, 951.73
2026/06/30 13:27:45.644, 3, 96, 86824, 183359, 959.03
2026/06/30 13:27:45.644, 4, 94, 86168, 183359, 956.71
2026/06/30 13:27:45.644, 5, 96, 93794, 183359, 892.40
2026/06/30 13:27:45.644, 6, 95, 83450, 183359, 951.16
2026/06/30 13:27:45.644, 7, 96, 92134, 183359, 946.34
2026/06/30 13:27:50.644, 0, 100, 84564, 183359, 912.88
2026/06/30 13:27:50.644, 1, 96, 97734, 183359, 949.06
2026/06/30 13:27:50.644, 2, 94, 85044, 183359, 937.29
2026/06/30 13:27:50.644, 3, 99, 86824, 183359, 929.29
2026/06/30 13:27:50.645, 4, 100, 86168, 183359, 942.96
2026/06/30 13:27:50.645, 5, 95, 93794, 183359, 930.14
2026/06/30 13:27:50.645, 6, 99, 83450, 183359, 944.15
2026/06/30 13:27:50.645, 7, 100, 92134, 183359, 915.77
2026/06/30 13:27:55.645, 0, 100, 164230, 183359, 850.06
2026/06/30 13:27:55.645, 1, 84, 165234, 183359, 854.18
2026/06/30 13:27:55.645, 2, 100, 168124, 183359, 854.04
2026/06/30 13:27:55.645, 3, 100, 169472, 183359, 869.24
2026/06/30 13:27:55.645, 4, 100, 169256, 183359, 865.78
2026/06/30 13:27:55.645, 5, 81, 170230, 183359, 884.35
2026/06/30 13:27:55.645, 6, 96, 164448, 183359, 859.35
2026/06/30 13:27:55.645, 7, 100, 165118, 183359, 842.44
2026/06/30 13:28:00.645, 0, 100, 164230, 183359, 911.97
2026/06/30 13:28:00.645, 1, 100, 165234, 183359, 910.67
2026/06/30 13:28:00.646, 2, 100, 168124, 183359, 900.76
2026/06/30 13:28:00.646, 3, 100, 169472, 183359, 927.24
2026/06/30 13:28:00.646, 4, 100, 169256, 183359, 913.01
2026/06/30 13:28:00.646, 5, 100, 170230, 183359, 938.53
2026/06/30 13:28:00.646, 6, 100, 164448, 183359, 918.68
2026/06/30 13:28:00.646, 7, 100, 165118, 183359, 893.61
2026/06/30 13:28:05.646, 0, 100, 164230, 183359, 934.29
2026/06/30 13:28:05.646, 1, 100, 165234, 183359, 935.08
2026/06/30 13:28:05.646, 2, 100, 168124, 183359, 927.76
2026/06/30 13:28:05.646, 3, 100, 169472, 183359, 948.72
2026/06/30 13:28:05.646, 4, 100, 169256, 183359, 865.61
2026/06/30 13:28:05.646, 5, 98, 170230, 183359, 874.62
2026/06/30 13:28:05.646, 6, 100, 164448, 183359, 940.04
2026/06/30 13:28:05.646, 7, 80, 165118, 183359, 937.05
2026/06/30 13:28:10.646, 0, 100, 164230, 183359, 978.11
2026/06/30 13:28:10.647, 1, 100, 165234, 183359, 942.23
2026/06/30 13:28:10.647, 2, 100, 168124, 183359, 969.71
2026/06/30 13:28:10.647, 3, 100, 169472, 183359, 939.84
2026/06/30 13:28:10.647, 4, 28, 113488, 183359, 604.29
2026/06/30 13:28:10.647, 5, 100, 170230, 183359, 671.83
2026/06/30 13:28:10.647, 6, 100, 164448, 183359, 982.80
2026/06/30 13:28:10.647, 7, 100, 165118, 183359, 967.10
2026/06/30 13:28:15.647, 0, 100, 164230, 183359, 988.23
2026/06/30 13:28:15.647, 1, 100, 165234, 183359, 844.07
2026/06/30 13:28:15.647, 2, 100, 168124, 183359, 970.81
2026/06/30 13:28:15.647, 3, 100, 169472, 183359, 879.79
2026/06/30 13:28:15.647, 4, 100, 35408, 183359, 206.31
2026/06/30 13:28:15.647, 5, 100, 36382, 183359, 221.37
2026/06/30 13:28:15.647, 6, 100, 164448, 183359, 928.24
2026/06/30 13:28:15.647, 7, 100, 165118, 183359, 984.05
2026/06/30 13:28:20.648, 0, 0, 30382, 183359, 207.53
2026/06/30 13:28:20.648, 1, 0, 31386, 183359, 210.95
2026/06/30 13:28:20.655, 2, 0, 34276, 183359, 202.29
2026/06/30 13:28:20.656, 3, 0, 35622, 183359, 215.77
2026/06/30 13:28:20.658, 4, 0, 35408, 183359, 201.63
2026/06/30 13:28:20.660, 5, 0, 36382, 183359, 215.76
2026/06/30 13:28:20.660, 6, 0, 30600, 183359, 220.27
2026/06/30 13:28:20.661, 7, 0, 31268, 183359, 203.61
2026/06/30 13:28:25.665, 0, 96, 68244, 183359, 905.57
2026/06/30 13:28:25.665, 1, 96, 63592, 183359, 879.31
2026/06/30 13:28:25.665, 2, 96, 74728, 183359, 891.56
2026/06/30 13:28:25.665, 3, 95, 69124, 183359, 901.09
2026/06/30 13:28:25.665, 4, 95, 65340, 183359, 898.87
2026/06/30 13:28:25.665, 5, 96, 69932, 183359, 892.13
2026/06/30 13:28:25.665, 6, 94, 73752, 183359, 902.99
2026/06/30 13:28:25.665, 7, 95, 66190, 183359, 886.49
2026/06/30 13:28:30.665, 0, 100, 79066, 183359, 921.37
2026/06/30 13:28:30.665, 1, 99, 78086, 183359, 940.57
2026/06/30 13:28:30.665, 2, 94, 85550, 183359, 905.34
2026/06/30 13:28:30.665, 3, 100, 79948, 183359, 892.58
2026/06/30 13:28:30.665, 4, 100, 76162, 183359, 939.31
2026/06/30 13:28:30.665, 5, 100, 80850, 183359, 860.36
2026/06/30 13:28:30.665, 6, 100, 84576, 183359, 905.49
2026/06/30 13:28:30.665, 7, 98, 77106, 183359, 954.06
2026/06/30 13:28:35.666, 0, 5, 164230, 183359, 299.39
2026/06/30 13:28:35.666, 1, 54, 165234, 183359, 313.80
2026/06/30 13:28:35.666, 2, 95, 168124, 183359, 319.96
2026/06/30 13:28:35.666, 3, 44, 169472, 183359, 305.08
2026/06/30 13:28:35.666, 4, 14, 169256, 183359, 291.04
2026/06/30 13:28:35.666, 5, 3, 170230, 183359, 290.99
2026/06/30 13:28:35.666, 6, 4, 164448, 183359, 287.05
2026/06/30 13:28:35.666, 7, 22, 165118, 183359, 290.68
2026/06/30 13:28:40.666, 0, 100, 164230, 183359, 894.96
2026/06/30 13:28:40.666, 1, 100, 165234, 183359, 897.72
2026/06/30 13:28:40.666, 2, 100, 168124, 183359, 891.43
2026/06/30 13:28:40.666, 3, 100, 169472, 183359, 911.88
2026/06/30 13:28:40.666, 4, 100, 169256, 183359, 903.29
2026/06/30 13:28:40.666, 5, 100, 170230, 183359, 918.98
2026/06/30 13:28:40.666, 6, 100, 164448, 183359, 913.40
2026/06/30 13:28:40.666, 7, 100, 165118, 183359, 871.11
2026/06/30 13:28:45.667, 0, 100, 164230, 183359, 950.85
2026/06/30 13:28:45.667, 1, 100, 165234, 183359, 948.94
2026/06/30 13:28:45.667, 2, 100, 168124, 183359, 935.41
2026/06/30 13:28:45.667, 3, 100, 169472, 183359, 920.01
2026/06/30 13:28:45.667, 4, 100, 169256, 183359, 945.32
2026/06/30 13:28:45.667, 5, 100, 170230, 183359, 972.17
2026/06/30 13:28:45.667, 6, 100, 164448, 183359, 964.58
2026/06/30 13:28:45.667, 7, 100, 165118, 183359, 928.44
2026/06/30 13:28:50.667, 0, 100, 164230, 183359, 973.44
2026/06/30 13:28:50.667, 1, 100, 165234, 183359, 961.83
2026/06/30 13:28:50.667, 2, 100, 168124, 183359, 963.32
2026/06/30 13:28:50.667, 3, 100, 169472, 183359, 750.89
2026/06/30 13:28:50.667, 4, 100, 169256, 183359, 975.20
2026/06/30 13:28:50.667, 5, 100, 170230, 183359, 928.86
2026/06/30 13:28:50.667, 6, 100, 164448, 183359, 986.97
2026/06/30 13:28:50.667, 7, 100, 165118, 183359, 953.09
2026/06/30 13:28:55.668, 0, 100, 164230, 183359, 991.08
2026/06/30 13:28:55.668, 1, 100, 165234, 183359, 981.57
2026/06/30 13:28:55.668, 2, 100, 168124, 183359, 973.87
2026/06/30 13:28:55.668, 3, 100, 35622, 183359, 359.62
2026/06/30 13:28:55.668, 4, 100, 169256, 183359, 988.02
2026/06/30 13:28:55.668, 5, 100, 170230, 183359, 709.01
2026/06/30 13:28:55.668, 6, 100, 164448, 183359, 956.15
2026/06/30 13:28:55.668, 7, 100, 165118, 183359, 938.63
2026/06/30 13:29:00.668, 0, 100, 164230, 183359, 989.88
2026/06/30 13:29:00.668, 1, 100, 165234, 183359, 976.62
2026/06/30 13:29:00.668, 2, 100, 168124, 183359, 984.01
2026/06/30 13:29:00.668, 3, 100, 35622, 183359, 218.40
2026/06/30 13:29:00.668, 4, 100, 169256, 183359, 989.28
2026/06/30 13:29:00.668, 5, 100, 36382, 183359, 222.39
2026/06/30 13:29:00.668, 6, 100, 164448, 183359, 992.00
2026/06/30 13:29:00.668, 7, 100, 165118, 183359, 990.88
2026/06/30 13:29:05.669, 0, 99, 55624, 183359, 915.95
2026/06/30 13:29:05.669, 1, 99, 55930, 183359, 906.16
2026/06/30 13:29:05.669, 2, 98, 48706, 183359, 900.52
2026/06/30 13:29:05.669, 3, 98, 57634, 183359, 912.24
2026/06/30 13:29:05.669, 4, 98, 49838, 183359, 903.08
2026/06/30 13:29:05.669, 5, 99, 58392, 183359, 916.65
2026/06/30 13:29:05.669, 6, 98, 55616, 183359, 915.69
2026/06/30 13:29:05.669, 7, 99, 55750, 183359, 897.31
2026/06/30 13:29:10.669, 0, 100, 78646, 183359, 932.71
2026/06/30 13:29:10.669, 1, 100, 79248, 183359, 951.62
2026/06/30 13:29:10.669, 2, 100, 75952, 183359, 951.57
2026/06/30 13:29:10.670, 3, 100, 80944, 183359, 952.27
2026/06/30 13:29:10.670, 4, 100, 77454, 183359, 969.12
2026/06/30 13:29:10.670, 5, 100, 81658, 183359, 947.17
2026/06/30 13:29:10.670, 6, 100, 78672, 183359, 965.07
2026/06/30 13:29:10.670, 7, 98, 79066, 183359, 939.38
2026/06/30 13:29:15.670, 0, 100, 81022, 183359, 964.61
2026/06/30 13:29:15.670, 1, 99, 79250, 183359, 928.23
2026/06/30 13:29:15.670, 2, 100, 75952, 183359, 933.42
2026/06/30 13:29:15.670, 3, 99, 80944, 183359, 931.24
2026/06/30 13:29:15.670, 4, 99, 77454, 183359, 906.34
2026/06/30 13:29:15.670, 5, 98, 81658, 183359, 930.85
2026/06/30 13:29:15.670, 6, 99, 78674, 183359, 962.46
2026/06/30 13:29:15.670, 7, 98, 79066, 183359, 959.91
2026/06/30 13:29:20.670, 0, 100, 164230, 183359, 846.21
2026/06/30 13:29:20.671, 1, 100, 165234, 183359, 876.54
2026/06/30 13:29:20.675, 2, 100, 168124, 183359, 856.17
2026/06/30 13:29:20.675, 3, 100, 169472, 183359, 866.74
2026/06/30 13:29:20.675, 4, 100, 169256, 183359, 858.44
2026/06/30 13:29:20.675, 5, 100, 170230, 183359, 881.37
2026/06/30 13:29:20.675, 6, 100, 164448, 183359, 882.91
2026/06/30 13:29:20.675, 7, 100, 165118, 183359, 850.59
2026/06/30 13:29:25.676, 0, 89, 164230, 183359, 898.57
2026/06/30 13:29:25.676, 1, 78, 165234, 183359, 892.40
2026/06/30 13:29:25.676, 2, 100, 168124, 183359, 891.48
2026/06/30 13:29:25.676, 3, 100, 169472, 183359, 912.88
2026/06/30 13:29:25.676, 4, 83, 169256, 183359, 897.64
2026/06/30 13:29:25.676, 5, 100, 170230, 183359, 914.43
2026/06/30 13:29:25.676, 6, 100, 164448, 183359, 913.06
2026/06/30 13:29:25.676, 7, 100, 165118, 183359, 888.99
2026/06/30 13:29:30.676, 0, 100, 164230, 183359, 953.41
2026/06/30 13:29:30.676, 1, 100, 165234, 183359, 721.51
2026/06/30 13:29:30.676, 2, 100, 168124, 183359, 718.90
2026/06/30 13:29:30.676, 3, 66, 169472, 183359, 943.95
2026/06/30 13:29:30.676, 4, 100, 169256, 183359, 956.96
2026/06/30 13:29:30.676, 5, 100, 170230, 183359, 977.68
2026/06/30 13:29:30.676, 6, 100, 164448, 183359, 981.79
2026/06/30 13:29:30.676, 7, 100, 165118, 183359, 939.95
2026/06/30 13:29:35.677, 0, 100, 164230, 183359, 981.41
2026/06/30 13:29:35.677, 1, 100, 31386, 183359, 211.25
2026/06/30 13:29:35.677, 2, 100, 34276, 183359, 201.24
2026/06/30 13:29:35.677, 3, 100, 169472, 183359, 991.53
2026/06/30 13:29:35.677, 4, 100, 169256, 183359, 977.70
2026/06/30 13:29:35.677, 5, 100, 170230, 183359, 991.74
2026/06/30 13:29:35.677, 6, 100, 164448, 183359, 992.99
2026/06/30 13:29:35.678, 7, 100, 165118, 183359, 966.18
2026/06/30 13:29:40.678, 0, 100, 164230, 183359, 987.47
2026/06/30 13:29:40.678, 1, 100, 31386, 183359, 208.82
2026/06/30 13:29:40.678, 2, 100, 34276, 183359, 199.37
2026/06/30 13:29:40.678, 3, 100, 169472, 183359, 997.54
2026/06/30 13:29:40.678, 4, 100, 169256, 183359, 987.67
2026/06/30 13:29:40.678, 5, 100, 170230, 183359, 993.25
2026/06/30 13:29:40.678, 6, 100, 164448, 183359, 989.97
2026/06/30 13:29:40.678, 7, 100, 165118, 183359, 980.54
2026/06/30 13:29:45.679, 0, 96, 47914, 183359, 963.10
2026/06/30 13:29:45.679, 1, 97, 42680, 183359, 965.11
2026/06/30 13:29:45.679, 2, 97, 49018, 183359, 947.22
2026/06/30 13:29:45.679, 3, 98, 44758, 183359, 953.54
2026/06/30 13:29:45.679, 4, 98, 44644, 183359, 960.53
2026/06/30 13:29:45.679, 5, 97, 45696, 183359, 954.88
2026/06/30 13:29:45.679, 6, 98, 47608, 183359, 969.57
2026/06/30 13:29:45.679, 7, 97, 48082, 183359, 951.11
2026/06/30 13:29:50.679, 0, 100, 89004, 183359, 900.28
2026/06/30 13:29:50.679, 1, 100, 84140, 183359, 944.59
2026/06/30 13:29:50.679, 2, 100, 90478, 183359, 906.73
2026/06/30 13:29:50.679, 3, 100, 85848, 183359, 941.78
2026/06/30 13:29:50.679, 4, 100, 85732, 183359, 938.66
2026/06/30 13:29:50.679, 5, 97, 86784, 183359, 946.99
2026/06/30 13:29:50.679, 6, 100, 88696, 183359, 921.57
2026/06/30 13:29:50.681, 7, 100, 89538, 183359, 911.39
2026/06/30 13:29:55.681, 0, 95, 89598, 183359, 950.58
2026/06/30 13:29:55.681, 1, 95, 84734, 183359, 960.07
2026/06/30 13:29:55.681, 2, 95, 91072, 183359, 944.07
2026/06/30 13:29:55.681, 3, 94, 86442, 183359, 954.84
2026/06/30 13:29:55.681, 4, 95, 88702, 183359, 953.53
2026/06/30 13:29:55.681, 5, 96, 87378, 183359, 966.13
2026/06/30 13:29:55.681, 6, 92, 89290, 183359, 970.07
2026/06/30 13:29:55.681, 7, 96, 90132, 183359, 946.33
2026/06/30 13:30:00.681, 0, 71, 164232, 183359, 590.04
2026/06/30 13:30:00.682, 1, 100, 165234, 183359, 859.60
2026/06/30 13:30:00.682, 2, 100, 168124, 183359, 845.07
2026/06/30 13:30:00.682, 3, 100, 169472, 183359, 866.88
2026/06/30 13:30:00.682, 4, 100, 169256, 183359, 860.86
2026/06/30 13:30:00.682, 5, 100, 170230, 183359, 877.42
2026/06/30 13:30:00.682, 6, 100, 164448, 183359, 876.96
2026/06/30 13:30:00.682, 7, 100, 165118, 183359, 831.83
2026/06/30 13:30:05.682, 0, 88, 164232, 183359, 727.67
2026/06/30 13:30:05.682, 1, 100, 165234, 183359, 934.50
2026/06/30 13:30:05.682, 2, 100, 168124, 183359, 908.73
2026/06/30 13:30:05.682, 3, 100, 169472, 183359, 937.07
2026/06/30 13:30:05.682, 4, 100, 169256, 183359, 928.32
2026/06/30 13:30:05.682, 5, 100, 170230, 183359, 947.93
2026/06/30 13:30:05.682, 6, 100, 164448, 183359, 946.46
2026/06/30 13:30:05.683, 7, 100, 165118, 183359, 896.41
2026/06/30 13:30:10.683, 0, 93, 164232, 183359, 783.97
2026/06/30 13:30:10.683, 1, 100, 165234, 183359, 970.46
2026/06/30 13:30:10.683, 2, 100, 168124, 183359, 888.83
2026/06/30 13:30:10.683, 3, 100, 169472, 183359, 765.90
2026/06/30 13:30:10.683, 4, 100, 169256, 183359, 959.56
2026/06/30 13:30:10.683, 5, 100, 170230, 183359, 983.70
2026/06/30 13:30:10.683, 6, 100, 164448, 183359, 984.89
2026/06/30 13:30:10.683, 7, 100, 165118, 183359, 940.25
2026/06/30 13:30:15.684, 0, 93, 164232, 183359, 816.23
2026/06/30 13:30:15.684, 1, 100, 165234, 183359, 987.75
2026/06/30 13:30:15.684, 2, 100, 168124, 183359, 719.03
2026/06/30 13:30:15.684, 3, 22, 35626, 183359, 581.24
2026/06/30 13:30:15.684, 4, 100, 169256, 183359, 987.08
2026/06/30 13:30:15.684, 5, 100, 170230, 183359, 992.77
2026/06/30 13:30:15.684, 6, 100, 164448, 183359, 992.26
2026/06/30 13:30:15.685, 7, 100, 165118, 183359, 965.11
2026/06/30 13:30:20.685, 0, 83, 164232, 183359, 831.23
2026/06/30 13:30:20.685, 1, 100, 165234, 183359, 989.97
2026/06/30 13:30:20.686, 2, 100, 34276, 183359, 203.68
2026/06/30 13:30:20.686, 3, 100, 35622, 183359, 214.50
2026/06/30 13:30:20.686, 4, 100, 169256, 183359, 993.18
2026/06/30 13:30:20.686, 5, 100, 170230, 183359, 993.10
2026/06/30 13:30:20.686, 6, 100, 164448, 183359, 991.86
2026/06/30 13:30:20.686, 7, 100, 165118, 183359, 941.33
2026/06/30 13:30:25.686, 0, 95, 164232, 183359, 891.25
2026/06/30 13:30:25.686, 1, 100, 31386, 183359, 217.33
2026/06/30 13:30:25.686, 2, 100, 34276, 183359, 199.53
2026/06/30 13:30:25.686, 3, 100, 35622, 183359, 212.08
2026/06/30 13:30:25.686, 4, 100, 35408, 183359, 208.92
2026/06/30 13:30:25.686, 5, 100, 36382, 183359, 227.41
2026/06/30 13:30:25.686, 6, 100, 30600, 183359, 229.67
2026/06/30 13:30:25.687, 7, 100, 31268, 183359, 205.81
2026/06/30 13:30:30.687, 0, 0, 30382, 183359, 269.52
2026/06/30 13:30:30.687, 1, 0, 31386, 183359, 214.68
2026/06/30 13:30:30.687, 2, 0, 34276, 183359, 200.45
2026/06/30 13:30:30.687, 3, 0, 35622, 183359, 212.37
2026/06/30 13:30:30.687, 4, 0, 35408, 183359, 206.54
2026/06/30 13:30:30.687, 5, 0, 36382, 183359, 223.88
2026/06/30 13:30:30.687, 6, 0, 30600, 183359, 225.55
2026/06/30 13:30:30.687, 7, 0, 31268, 183359, 202.42
2026/06/30 13:30:35.688, 0, 98, 57992, 183359, 943.93
2026/06/30 13:30:35.688, 1, 98, 65474, 183359, 923.53
2026/06/30 13:30:35.688, 2, 98, 73318, 183359, 958.58
2026/06/30 13:30:35.688, 3, 98, 60372, 183359, 933.39
2026/06/30 13:30:35.688, 4, 98, 59772, 183359, 966.11
2026/06/30 13:30:35.688, 5, 98, 77184, 183359, 957.12
2026/06/30 13:30:35.688, 6, 98, 58506, 183359, 959.23
2026/06/30 13:30:35.688, 7, 98, 58280, 183359, 942.75
2026/06/30 13:30:40.688, 0, 96, 74438, 183359, 858.94
2026/06/30 13:30:40.688, 1, 94, 78058, 183359, 901.82
2026/06/30 13:30:40.688, 2, 96, 85902, 183359, 834.74
2026/06/30 13:30:40.688, 3, 96, 76818, 183359, 857.10
2026/06/30 13:30:40.688, 4, 96, 76216, 183359, 913.77
2026/06/30 13:30:40.688, 5, 94, 89768, 183359, 954.36
2026/06/30 13:30:40.688, 6, 93, 74950, 183359, 869.86
2026/06/30 13:30:40.688, 7, 96, 74724, 183359, 870.81
2026/06/30 13:30:45.689, 0, 0, 49154, 183359, 617.37
2026/06/30 13:30:45.695, 1, 0, 50850, 183359, 639.64
2026/06/30 13:30:45.701, 2, 0, 50202, 183359, 590.04
2026/06/30 13:30:45.707, 3, 4, 51204, 183359, 562.54
2026/06/30 13:30:45.715, 4, 6, 51050, 183359, 561.37
2026/06/30 13:30:45.718, 5, 8, 48576, 183359, 596.81
2026/06/30 13:30:45.724, 6, 0, 49394, 183359, 609.95
2026/06/30 13:30:45.729, 7, 8, 44154, 183359, 546.72
2026/06/30 13:30:50.732, 0, 100, 164230, 183359, 882.31
2026/06/30 13:30:50.732, 1, 100, 165234, 183359, 896.08
2026/06/30 13:30:50.732, 2, 100, 168124, 183359, 881.16
2026/06/30 13:30:50.732, 3, 100, 169472, 183359, 885.93
2026/06/30 13:30:50.732, 4, 100, 169256, 183359, 895.88
2026/06/30 13:30:50.732, 5, 100, 170230, 183359, 907.97
2026/06/30 13:30:50.732, 6, 100, 164448, 183359, 910.91
2026/06/30 13:30:50.732, 7, 100, 165118, 183359, 875.27
2026/06/30 13:30:55.733, 0, 100, 164230, 183359, 936.44
2026/06/30 13:30:55.733, 1, 100, 165234, 183359, 952.68
2026/06/30 13:30:55.733, 2, 100, 168124, 183359, 928.83
2026/06/30 13:30:55.733, 3, 100, 169472, 183359, 940.84
2026/06/30 13:30:55.733, 4, 100, 169256, 183359, 945.78
2026/06/30 13:30:55.733, 5, 100, 170230, 183359, 969.63
2026/06/30 13:30:55.733, 6, 100, 164448, 183359, 960.97
2026/06/30 13:30:55.733, 7, 100, 165118, 183359, 924.29
2026/06/30 13:31:00.733, 0, 100, 164230, 183359, 928.75
2026/06/30 13:31:00.733, 1, 100, 165234, 183359, 976.18
2026/06/30 13:31:00.733, 2, 100, 168124, 183359, 961.00
2026/06/30 13:31:00.733, 3, 100, 169472, 183359, 970.87
2026/06/30 13:31:00.734, 4, 100, 169256, 183359, 964.35
2026/06/30 13:31:00.734, 5, 100, 170230, 183359, 817.35
2026/06/30 13:31:00.734, 6, 100, 164448, 183359, 987.90
2026/06/30 13:31:00.734, 7, 100, 165118, 183359, 957.68
2026/06/30 13:31:05.734, 0, 100, 164230, 183359, 867.91
2026/06/30 13:31:05.734, 1, 100, 165234, 183359, 920.84
2026/06/30 13:31:05.734, 2, 100, 168124, 183359, 943.69
2026/06/30 13:31:05.734, 3, 100, 169472, 183359, 953.32
2026/06/30 13:31:05.734, 4, 55, 169256, 183359, 916.14
2026/06/30 13:31:05.734, 5, 100, 36382, 183359, 220.13
2026/06/30 13:31:05.734, 6, 100, 164448, 183359, 957.07
2026/06/30 13:31:05.734, 7, 100, 165118, 183359, 948.49
2026/06/30 13:31:10.734, 0, 100, 30382, 183359, 208.54
2026/06/30 13:31:10.734, 1, 72, 31386, 183359, 626.45
2026/06/30 13:31:10.735, 2, 100, 168124, 183359, 951.90
2026/06/30 13:31:10.735, 3, 100, 169472, 183359, 994.71
2026/06/30 13:31:10.735, 4, 100, 169256, 183359, 932.03
2026/06/30 13:31:10.735, 5, 100, 36382, 183359, 217.88
2026/06/30 13:31:10.735, 6, 100, 164448, 183359, 994.69
2026/06/30 13:31:10.735, 7, 100, 165118, 183359, 987.15
2026/06/30 13:31:15.735, 0, 98, 51074, 183359, 935.67
2026/06/30 13:31:15.735, 1, 98, 51136, 183359, 940.74
2026/06/30 13:31:15.735, 2, 97, 51750, 183359, 924.34
2026/06/30 13:31:15.735, 3, 98, 52972, 183359, 944.66
2026/06/30 13:31:15.735, 4, 98, 52892, 183359, 938.41
2026/06/30 13:31:15.735, 5, 98, 53260, 183359, 929.40
2026/06/30 13:31:15.735, 6, 98, 50338, 183359, 937.60
2026/06/30 13:31:15.735, 7, 97, 51372, 183359, 911.74
2026/06/30 13:31:20.735, 0, 98, 76654, 183359, 949.14
2026/06/30 13:31:20.739, 1, 100, 76702, 183359, 945.58
2026/06/30 13:31:20.743, 2, 100, 84784, 183359, 952.24
2026/06/30 13:31:20.745, 3, 100, 78600, 183359, 933.95
2026/06/30 13:31:20.748, 4, 100, 86234, 183359, 960.46
2026/06/30 13:31:20.749, 5, 100, 88704, 183359, 919.39
2026/06/30 13:31:20.750, 6, 100, 83032, 183359, 955.41
2026/06/30 13:31:20.750, 7, 98, 84618, 183359, 938.86
2026/06/30 13:31:25.750, 0, 100, 77248, 183359, 914.42
2026/06/30 13:31:25.750, 1, 100, 77296, 183359, 923.10
2026/06/30 13:31:25.750, 2, 100, 85378, 183359, 889.93
2026/06/30 13:31:25.750, 3, 100, 79196, 183359, 849.37
2026/06/30 13:31:25.750, 4, 100, 86830, 183359, 872.67
2026/06/30 13:31:25.750, 5, 98, 89298, 183359, 935.28
2026/06/30 13:31:25.750, 6, 100, 83626, 183359, 948.65
2026/06/30 13:31:25.750, 7, 100, 85212, 183359, 876.09
2026/06/30 13:31:30.751, 0, 100, 164230, 183359, 831.53
2026/06/30 13:31:30.751, 1, 100, 165234, 183359, 841.74
2026/06/30 13:31:30.751, 2, 100, 168124, 183359, 830.55
2026/06/30 13:31:30.751, 3, 100, 169472, 183359, 852.07
2026/06/30 13:31:30.751, 4, 100, 169256, 183359, 844.02
2026/06/30 13:31:30.751, 5, 100, 170230, 183359, 861.09
2026/06/30 13:31:30.751, 6, 100, 164448, 183359, 862.59
2026/06/30 13:31:30.751, 7, 75, 165118, 183359, 579.52
2026/06/30 13:31:35.751, 0, 100, 164230, 183359, 908.61
2026/06/30 13:31:35.751, 1, 100, 165234, 183359, 923.41
2026/06/30 13:31:35.751, 2, 100, 168124, 183359, 904.26
2026/06/30 13:31:35.751, 3, 100, 169472, 183359, 930.53
2026/06/30 13:31:35.751, 4, 100, 169256, 183359, 920.22
2026/06/30 13:31:35.752, 5, 100, 170230, 183359, 945.65
2026/06/30 13:31:35.752, 6, 100, 164448, 183359, 936.48
2026/06/30 13:31:35.752, 7, 90, 165118, 183359, 689.68
2026/06/30 13:31:40.752, 0, 100, 164230, 183359, 950.24
2026/06/30 13:31:40.752, 1, 100, 165234, 183359, 955.98
2026/06/30 13:31:40.752, 2, 100, 168124, 183359, 830.99
2026/06/30 13:31:40.752, 3, 100, 169472, 183359, 961.87
2026/06/30 13:31:40.752, 4, 100, 169256, 183359, 952.76
2026/06/30 13:31:40.752, 5, 100, 170230, 183359, 978.60
2026/06/30 13:31:40.752, 6, 100, 164448, 183359, 702.83
2026/06/30 13:31:40.752, 7, 93, 165118, 183359, 794.43
2026/06/30 13:31:45.752, 0, 100, 164230, 183359, 937.41
2026/06/30 13:31:45.753, 1, 100, 165234, 183359, 987.76
2026/06/30 13:31:45.753, 2, 100, 168124, 183359, 637.81
2026/06/30 13:31:45.753, 3, 100, 169472, 183359, 987.47
2026/06/30 13:31:45.753, 4, 100, 169256, 183359, 982.14
2026/06/30 13:31:45.753, 5, 100, 170230, 183359, 965.04
2026/06/30 13:31:45.753, 6, 100, 30600, 183359, 221.52
2026/06/30 13:31:45.753, 7, 94, 165118, 183359, 802.63
2026/06/30 13:31:50.753, 0, 100, 164230, 183359, 872.52
2026/06/30 13:31:50.753, 1, 100, 165234, 183359, 991.93
2026/06/30 13:31:50.753, 2, 100, 34276, 183359, 200.92
2026/06/30 13:31:50.753, 3, 100, 169472, 183359, 978.74
2026/06/30 13:31:50.753, 4, 100, 169256, 183359, 994.95
2026/06/30 13:31:50.753, 5, 100, 170230, 183359, 868.83
2026/06/30 13:31:50.753, 6, 100, 30600, 183359, 216.68
2026/06/30 13:31:50.753, 7, 94, 165118, 183359, 857.16
2026/06/30 13:31:55.754, 0, 100, 30382, 183359, 206.18
2026/06/30 13:31:55.754, 1, 100, 31386, 183359, 227.05
2026/06/30 13:31:55.754, 2, 100, 34276, 183359, 199.58
2026/06/30 13:31:55.754, 3, 100, 35622, 183359, 220.25
2026/06/30 13:31:55.754, 4, 100, 35408, 183359, 211.00
2026/06/30 13:31:55.754, 5, 100, 36382, 183359, 221.09
2026/06/30 13:31:55.754, 6, 100, 30600, 183359, 215.10
2026/06/30 13:31:55.754, 7, 95, 165118, 183359, 881.33
2026/06/30 13:32:00.755, 0, 0, 30382, 183359, 206.03
2026/06/30 13:32:00.755, 1, 0, 31386, 183359, 216.18
2026/06/30 13:32:00.755, 2, 0, 34276, 183359, 200.61
2026/06/30 13:32:00.755, 3, 0, 35622, 183359, 217.64
2026/06/30 13:32:00.755, 4, 0, 35408, 183359, 206.71
2026/06/30 13:32:00.755, 5, 0, 36382, 183359, 220.41
2026/06/30 13:32:00.755, 6, 0, 30600, 183359, 216.35
2026/06/30 13:32:00.755, 7, 0, 31268, 183359, 511.11
2026/06/30 13:32:05.755, 0, 76, 73236, 183359, 887.18
2026/06/30 13:32:05.755, 1, 98, 67220, 183359, 942.02
2026/06/30 13:32:05.755, 2, 98, 67936, 183359, 900.72
2026/06/30 13:32:05.755, 3, 58, 75400, 183359, 946.26
2026/06/30 13:32:05.755, 4, 62, 68546, 183359, 902.01
2026/06/30 13:32:05.755, 5, 98, 75072, 183359, 942.36
2026/06/30 13:32:05.755, 6, 65, 66740, 183359, 907.54
2026/06/30 13:32:05.755, 7, 48, 67000, 183359, 904.23
2026/06/30 13:32:10.756, 0, 96, 85820, 183359, 944.63
2026/06/30 13:32:10.756, 1, 96, 79432, 183359, 958.61
2026/06/30 13:32:10.756, 2, 96, 80518, 183359, 948.41
2026/06/30 13:32:10.756, 3, 92, 87984, 183359, 890.03
2026/06/30 13:32:10.756, 4, 94, 81128, 183359, 900.57
2026/06/30 13:32:10.756, 5, 96, 87286, 183359, 946.42
2026/06/30 13:32:10.756, 6, 92, 79322, 183359, 969.29
2026/06/30 13:32:10.756, 7, 95, 79582, 183359, 944.59
2026/06/30 13:32:15.756, 0, 8, 37886, 183359, 453.24
2026/06/30 13:32:15.756, 1, 35, 37888, 183359, 446.17
2026/06/30 13:32:15.756, 2, 6, 39026, 183359, 407.20
2026/06/30 13:32:15.756, 3, 72, 37896, 183359, 409.60
2026/06/30 13:32:15.756, 4, 83, 37898, 183359, 401.76
2026/06/30 13:32:15.756, 5, 49, 37918, 183359, 420.11
2026/06/30 13:32:15.756, 6, 55, 37888, 183359, 425.20
2026/06/30 13:32:15.756, 7, 77, 37986, 183359, 392.09
2026/06/30 13:32:20.757, 0, 100, 164230, 183359, 885.66
2026/06/30 13:32:20.759, 1, 100, 165234, 183359, 909.73
2026/06/30 13:32:20.759, 2, 100, 168124, 183359, 885.35
2026/06/30 13:32:20.762, 3, 100, 169472, 183359, 905.77
2026/06/30 13:32:20.763, 4, 100, 169256, 183359, 898.56
2026/06/30 13:32:20.763, 5, 100, 170230, 183359, 920.68
2026/06/30 13:32:20.763, 6, 100, 164448, 183359, 919.27
2026/06/30 13:32:20.763, 7, 100, 165118, 183359, 878.57
2026/06/30 13:32:25.763, 0, 100, 164230, 183359, 941.42
2026/06/30 13:32:25.763, 1, 100, 165234, 183359, 959.60
2026/06/30 13:32:25.763, 2, 100, 168124, 183359, 933.83
2026/06/30 13:32:25.763, 3, 100, 169472, 183359, 955.86
2026/06/30 13:32:25.763, 4, 100, 169256, 183359, 945.71
2026/06/30 13:32:25.763, 5, 100, 170230, 183359, 971.99
2026/06/30 13:32:25.763, 6, 100, 164448, 183359, 942.74
2026/06/30 13:32:25.763, 7, 100, 165118, 183359, 927.32
2026/06/30 13:32:30.764, 0, 100, 164230, 183359, 971.51
2026/06/30 13:32:30.764, 1, 100, 165234, 183359, 973.73
2026/06/30 13:32:30.764, 2, 100, 168124, 183359, 844.44
2026/06/30 13:32:30.764, 3, 100, 169472, 183359, 978.70
2026/06/30 13:32:30.764, 4, 100, 169256, 183359, 975.98
2026/06/30 13:32:30.764, 5, 100, 170230, 183359, 990.79
2026/06/30 13:32:30.764, 6, 100, 164450, 183359, 688.67
2026/06/30 13:32:30.764, 7, 100, 165118, 183359, 960.22
2026/06/30 13:32:35.764, 0, 100, 164230, 183359, 951.88
2026/06/30 13:32:35.764, 1, 67, 165234, 183359, 919.21
2026/06/30 13:32:35.764, 2, 100, 34276, 183359, 341.23
2026/06/30 13:32:35.764, 3, 100, 169472, 183359, 847.16
2026/06/30 13:32:35.764, 4, 100, 169256, 183359, 955.30
2026/06/30 13:32:35.764, 5, 100, 170230, 183359, 955.80
2026/06/30 13:32:35.764, 6, 100, 30600, 183359, 221.28
2026/06/30 13:32:35.764, 7, 100, 165118, 183359, 927.30
2026/06/30 13:32:40.765, 0, 100, 164230, 183359, 959.63
2026/06/30 13:32:40.765, 1, 60, 31386, 183359, 716.59
2026/06/30 13:32:40.765, 2, 100, 34276, 183359, 200.92
2026/06/30 13:32:40.765, 3, 100, 35624, 183359, 220.88
2026/06/30 13:32:40.765, 4, 100, 169256, 183359, 992.39
2026/06/30 13:32:40.765, 5, 100, 170230, 183359, 980.83
2026/06/30 13:32:40.765, 6, 100, 30600, 183359, 218.66
2026/06/30 13:32:40.765, 7, 100, 165118, 183359, 988.74
2026/06/30 13:32:45.765, 0, 98, 54666, 183359, 869.36
2026/06/30 13:32:45.765, 1, 98, 47884, 183359, 870.21
2026/06/30 13:32:45.765, 2, 98, 48142, 183359, 911.48
2026/06/30 13:32:45.766, 3, 99, 56688, 183359, 883.11
2026/06/30 13:32:45.766, 4, 98, 56514, 183359, 896.68
2026/06/30 13:32:45.766, 5, 98, 50244, 183359, 881.57
2026/06/30 13:32:45.766, 6, 98, 54366, 183359, 922.74
2026/06/30 13:32:45.766, 7, 98, 54228, 183359, 912.96
2026/06/30 13:32:50.766, 0, 100, 86886, 183359, 963.89
2026/06/30 13:32:50.766, 1, 98, 73764, 183359, 932.53
2026/06/30 13:32:50.766, 2, 100, 79726, 183359, 868.64
2026/06/30 13:32:50.766, 3, 100, 88900, 183359, 876.30
2026/06/30 13:32:50.766, 4, 100, 88720, 183359, 964.62
2026/06/30 13:32:50.766, 5, 98, 76050, 183359, 922.79
2026/06/30 13:32:50.766, 6, 100, 86912, 183359, 941.23
2026/06/30 13:32:50.766, 7, 100, 86666, 183359, 904.03
2026/06/30 13:32:55.767, 0, 80, 86888, 183359, 852.91
2026/06/30 13:32:55.767, 1, 93, 77416, 183359, 865.49
2026/06/30 13:32:55.767, 2, 81, 79726, 183359, 918.99
2026/06/30 13:32:55.767, 3, 95, 88900, 183359, 883.22
2026/06/30 13:32:55.767, 4, 96, 88722, 183359, 783.84
2026/06/30 13:32:55.767, 5, 93, 76054, 183359, 906.17
2026/06/30 13:32:55.767, 6, 96, 86914, 183359, 850.41
2026/06/30 13:32:55.767, 7, 96, 86670, 183359, 890.97
2026/06/30 13:33:00.767, 0, 100, 164230, 183359, 870.74
2026/06/30 13:33:00.767, 1, 100, 165234, 183359, 885.66
2026/06/30 13:33:00.767, 2, 100, 168124, 183359, 858.74
2026/06/30 13:33:00.767, 3, 100, 169472, 183359, 885.92
2026/06/30 13:33:00.767, 4, 100, 169256, 183359, 875.02
2026/06/30 13:33:00.767, 5, 100, 170230, 183359, 902.37
2026/06/30 13:33:00.767, 6, 100, 164448, 183359, 897.62
2026/06/30 13:33:00.767, 7, 100, 165118, 183359, 850.54
2026/06/30 13:33:05.768, 0, 100, 164230, 183359, 909.24
2026/06/30 13:33:05.768, 1, 100, 165234, 183359, 918.62
2026/06/30 13:33:05.768, 2, 100, 168124, 183359, 898.30
2026/06/30 13:33:05.768, 3, 100, 169472, 183359, 910.97
2026/06/30 13:33:05.768, 4, 100, 169256, 183359, 912.52
2026/06/30 13:33:05.768, 5, 100, 170230, 183359, 933.57
2026/06/30 13:33:05.768, 6, 100, 164448, 183359, 928.46
2026/06/30 13:33:05.768, 7, 62, 165118, 183359, 885.24
2026/06/30 13:33:10.768, 0, 100, 164230, 183359, 927.38
2026/06/30 13:33:10.768, 1, 100, 165234, 183359, 891.02
2026/06/30 13:33:10.768, 2, 64, 168124, 183359, 924.82
2026/06/30 13:33:10.768, 3, 100, 169472, 183359, 933.55
2026/06/30 13:33:10.768, 4, 100, 169256, 183359, 931.24
2026/06/30 13:33:10.769, 5, 63, 170230, 183359, 969.03
2026/06/30 13:33:10.769, 6, 100, 164448, 183359, 950.06
2026/06/30 13:33:10.769, 7, 100, 165118, 183359, 946.21
2026/06/30 13:33:15.769, 0, 100, 164230, 183359, 948.90
2026/06/30 13:33:15.769, 1, 100, 165234, 183359, 719.45
2026/06/30 13:33:15.769, 2, 100, 168124, 183359, 971.91
2026/06/30 13:33:15.769, 3, 100, 169472, 183359, 991.41
2026/06/30 13:33:15.769, 4, 100, 169256, 183359, 726.40
2026/06/30 13:33:15.769, 5, 100, 170230, 183359, 988.81
2026/06/30 13:33:15.769, 6, 100, 164448, 183359, 993.59
2026/06/30 13:33:15.769, 7, 100, 165118, 183359, 963.37
2026/06/30 13:33:20.769, 0, 100, 164230, 183359, 944.41
2026/06/30 13:33:20.770, 1, 100, 31386, 183359, 215.86
2026/06/30 13:33:20.770, 2, 100, 168124, 183359, 971.36
2026/06/30 13:33:20.770, 3, 100, 169472, 183359, 989.89
2026/06/30 13:33:20.770, 4, 100, 35408, 183359, 205.65
2026/06/30 13:33:20.770, 5, 100, 170230, 183359, 991.44
2026/06/30 13:33:20.770, 6, 100, 164448, 183359, 988.58
2026/06/30 13:33:20.770, 7, 100, 165118, 183359, 961.74
2026/06/30 13:33:25.771, 0, 98, 43134, 183359, 836.46
2026/06/30 13:33:25.771, 1, 98, 43596, 183359, 833.36
2026/06/30 13:33:25.771, 2, 98, 43694, 183359, 868.55
2026/06/30 13:33:25.771, 3, 98, 45094, 183359, 867.08
2026/06/30 13:33:25.771, 4, 98, 44886, 183359, 877.06
2026/06/30 13:33:25.771, 5, 98, 45654, 183359, 860.63
2026/06/30 13:33:25.771, 6, 98, 42692, 183359, 878.45
2026/06/30 13:33:25.771, 7, 98, 42466, 183359, 808.67
2026/06/30 13:33:30.771, 0, 100, 91958, 183359, 928.45
2026/06/30 13:33:30.771, 1, 97, 83416, 183359, 880.74
2026/06/30 13:33:30.771, 2, 100, 92954, 183359, 891.16
2026/06/30 13:33:30.771, 3, 95, 94352, 183359, 922.79
2026/06/30 13:33:30.771, 4, 94, 94390, 183359, 912.84
2026/06/30 13:33:30.771, 5, 95, 94772, 183359, 926.59
2026/06/30 13:33:30.771, 6, 94, 91674, 183359, 939.73
2026/06/30 13:33:30.772, 7, 100, 98622, 183359, 902.66
2026/06/30 13:33:35.772, 0, 96, 92552, 183359, 913.08
2026/06/30 13:33:35.772, 1, 94, 84010, 183359, 883.06
2026/06/30 13:33:35.772, 2, 96, 93548, 183359, 923.85
2026/06/30 13:33:35.772, 3, 96, 94946, 183359, 931.74
2026/06/30 13:33:35.772, 4, 96, 94984, 183359, 875.14
2026/06/30 13:33:35.772, 5, 100, 95368, 183359, 949.47
2026/06/30 13:33:35.772, 6, 94, 92268, 183359, 965.87
2026/06/30 13:33:35.772, 7, 96, 99216, 183359, 959.41
2026/06/30 13:33:40.772, 0, 0, 92540, 183359, 206.51
2026/06/30 13:33:43.108, 1, 0, 324, 183359, 214.62
2026/06/30 13:33:43.120, 2, 0, 68, 183359, 205.38
2026/06/30 13:33:43.125, 3, 0, 94934, 183359, 218.83
2026/06/30 13:33:43.129, 4, 0, 388, 183359, 204.02
2026/06/30 13:33:43.139, 5, 0, 95356, 183359, 224.03
2026/06/30 13:33:43.149, 6, 0, 92256, 183359, 224.77
2026/06/30 13:33:43.154, 7, 0, 388, 183359, 207.29
